headline,label
Anyone know the torque spec for 2011 Toyota Camry valve head cover,0
Toyota parado help,1
40k car maintenance,0
Old Toyota Crown with snorkel,0
2009 Toyota Venza Clock brightness?,1
Alarm goes off after opening car after remote start,-1
Is my Camry totaled?,0
2005 toyota avalon XL. 1 owner. 50k miles. Buy??,0
"2007 Avalon XLS w/ 50,000 miles - what maintenance do I need?",0
2022 Toyota Corolla Cross Battery Low,-1
How do I cancel extended warranty?,-1
Engine air filter housing - broken plastic,-1
How to read the date of production of Toyota WS Transmission Fluid?,0
What's the Role of this?,0
New Tundra problems,-1
Did I ruin my 23 trd pro by undercoating it? Internet says yes! My Mechanics say no.,-1
Corolla Hybrid 2021 Which Coolant Reservoir is which?,0
Help with Toyota inventory search tool.,1
Toyota Corolla active 1.8 (oct 2020) vs C-HR 1.8 premium (jan 2018) - NL,1
Car brand name?,0
Bypassing alternator cable on Hiace Regius 3RZFE,0
Cousins,0
How necessary is the electronic coverage for a 2021 Toyota Corolla LE?,0
Aux/Disc Button stopped working,-1
Will these work as headlights?,0
Which engine is better 1GR-FE or 1GD-FTV,1
My New Crown makes the Highlander look small,0
2024 Rav4 Purchase Price Question,0
Apple CarPlay doesn‚Äôt work anymore,0
Possible flood damaged Sienna,-1
Highlander Transmission Fluid Help,1
Stupid buy? 2005 highlander,-1
How to buy 6 year-100000 miles care plus?,1
Backseat buckel,0
Aygo key coding?,0
Lifted my Toyota,0
Toyota tundra charcoal canister,0
What interior cleaning products do dealerships use?,0
Anyone know what can cause my car to stop beeping when I unlock it or lock it,-1
My friend saw this 86 with a Lexus bumper conversion üëÄ,0
Question about the sports 800,0
2006 Toyota Highlander Center Console Removal,0
how can I get this 3.5 aux port working in my 2006 solara?,0
Tech stream Remote start help,1
Help finding this part,1
Trim Level Meanings,0
Cant use function of car?,0
How many high mileage Toyotas we got out there?,0
Advice on Toyota Corolla 2017,0
Have a crack on my windshield.,0
What is your favorite memory in your 90‚Äôs Camry?,1
Maintenance advice,0
what car is this? seller said it was a 2005 camry,0
Tacoma cat converter theft/advice/can corporate help?,1
2001 Sienna Sliding-Door Window Shot Out by Bb Gun ‚Äî easy DIY fix?,0
Is the Highlander that good? Trying to pick between Pathfinder or Highlander...,1
"2019 Camry stereo problems, I can‚Äôt get this off of my screen. I‚Äôve replaced the battery and had Toyota update the software but this still pops up every few minutes.",-1
Is this a good deal?,1
"Need Advice: How Long Can I Safely Delay Servicing my 2020 Toyota Corolla? Currently at 97,123KM, Due at 96,945KM‚Äù",1
What is this?,0
"Another "" What are you guys paying for car insurance "" thread",0
2023 rav4 side mirror stolen:,-1
I can‚Äôt decide between a 2024 black Tacoma or a underground Tacoma,0
üòêüòêüòê,0
Is it possible to transform an M20A into an A25A?,0
My irst project car,0
Toyota Camry questions,0
Decided to replace the tailights - Looks Much Better!,1
2018 rav4,0
Grand Highlander Bench or Captain Chairs?,1
How long for Toyota shipping?,0
Corolla engine questions,0
Good Toyota mechanic greater nyc,1
How can I put a USB charger here?,0
2014 prius v,0
Paint colour,0
My first car need help w maintenance priority!,1
New 2024 Hybrid XLE Camry!Question: are there any car seat covers that you really like?,1
2008 Toyota Corolla needs repair?,0
Bought a brand new Toyota on 9/2023 (Tacoma pro) and got an email to come in for tire rotation. Going to different dealer for this since I didn‚Äôt like my first dealer I got it from. Will the dealer charge me for anything since I didn‚Äôt buy the truck from them?,1
Underground vs. Outdoor Parking for new car,0
Car suggestions,0
Remote app access cost SHAME ON TOYOTA for bait and switch,-1
Any one has,0
I've installed some LEDs on my 2008 Aygo,0
Got the TEs on my 2024 Sequoia TRD Pro this weekend.,0
"2018 Camry, lost plastic piece in front of tire. What is part number?",-1
Canada 2008 Toyota RAV4 ignition coil replacement,0
2007 Rav4 all of the turn signal and hazards light work expect for rear right turn signal. Is it a bad fuse or the bulb went out?,-1
Need help identifying a part on a 1996 4runner limited,1
"Is a Toyota Avalon with 300k miles worth 2,300 dollars",1
Pay off quote,0
Toyota Aygo headlight stopped working?,-1
Brake pad change on rav 4 2015,0
Toyota financial,0
2001 tundra,0
Recommendations for new manual,0
Has anyone driven the 1.8L 2WD CC Hybrid? What are your thoughts regarding performance?,0
roof for 1987 celica,0
Toyota crown signia.,0
What's this icon mean in Toyota corolla 2016 dashboard ?,0
Help,1
2024 Toyota Sequoia,0
Learning manual in a 2018 corolla iM,0
Stolen/missing rocker panel,0
2007 land cruiser 2wd,0
Prius Gr be like,1
Has anyone ever towed their Hybrid with a tow dolly (rear wheels down)?,0
Toyota yaris 2019 owner infotainment system firmware ask,0
"1999 Corolla, should I replace shocks and struts? (Read before you judge lol)",-1
Not sure if I should upgrade or wait,-1
I own a 2010 Toyota Camry Hybrid and want a new stereo head unit,0
Used 2015 Toyota Yaris.,0
Toyota Prado Issues,0
Radio Toyota Land cruiser prado exclusive,0
Toyota S-FR -- With the Mazda Miata selling like hotcakes...,1
Scion TC 05-10 console lid,0
"I drive my 99 corolla like i stole it, would another car tolerate this?",1
2024 RAV4 Adventure Radio Issue,1
Toyota Reigns Supreme: The Most-Searched Automotive Brand in the US,1
Bought Toyota that Has Been in an Accident,-1
2025 4Runner Spied Testing in Public -- First Prototype Pics üì∏,0
"Toyota‚Äôs New 'Century' Brand to Be More Luxurious Than Lexus, Compete With Rolls Royce and Bentley",0
Rent out my car for 3months..?,0
*HELP PLEASE*,0
Importing Toyota from Canada to US!,0
RAV4 Rotors,0
"Help!! Dropped one of the super small MAF screws down the engine bay, Toyota Scion xD 2012! What screw should I get to replace them??",1
Rear driver side wheel not moving,0
Looking for solid all-weather tires for my 2016 Toyota Corolla,0
Need help guys,1
What is this suspension part called,0
Toyota avensis,0
best time to buy a Camry SE,1
Bought a 2001 Camry today. Whats this part between radio and AC?,0
What this warranty means?,0
Toyota Kluger - captain seats,0
Windscreen wash not working?,0
1992 Toyota Celica Swirl control solenoid,0
Car claim from past,0
Is this a good price,1
(I hope Toyota does the same with Camry 18-22) Honda Enhances Ownership Experience with Upgrade to Wireless Apple CarPlay and Android Auto for 2018-2022 Accord Models,1
Car parts,0
Need repair advice,0
Whining noise,-1
2008 Prius rough start / misfire,0
Fortuner/Sw4 1GR-FE oil leak,-1
Backup camera cracked on Yaris 2017,0
Just wanted to share my newly acquired Landcruiser 150 Prado GX Manual.,1
Key fob not working after new battery change,0
Experience with RAV4,0
What to do with terminal Tundra,0
Question about the Brake Drum Material for Toyota Dyna - Need Help,1
Is a 1994 Toyota Corolla still a good Frist car for anyone in 2024?,1
Tacoma 6a vs 6m,0
"Illinois state : Toyota service center damaged my car, worth to claim DV value?",0
Scion IM vs Corolla IM,0
Engine oil leak?(pic),0
I need help updating the media :(,0
2012 Toyota Camry Dash Lights Help,1
"My Rav4 hybrid 23 GPS, is not aligned. It starts off well but doesn't turn when I make a turn, makes it harder to follow. Any advice?",0
Which variant of the new Toyota Corolla 2024 should I get? (GCC version),0
Buying 2010 Toyota Corolla LE,0
Is there a way to increase the steering-assistant warning-time?,1
"A Toyota dealer said the cost to replace ABS computer is near $5,000. Does anyone have experience in this? I smell a scam and hustle in play here.",-1
"My car was stolen but we were able to recover the car using the Toyota app, my question is they ditched the keys so how much will a new fob run me?",-1
I bought my first ever Corolla. But,0
Toyota corolla 1.2 turbo,0
Best deals you've gotten,1
The daily,0
Is this what it's for,0
Does Toyota financial not do a 10 day grace period?,1
Whining noise on a 1.4 D-4D manual,-1
Water drainage issues on new 2024 Camrys???,0
I think I'll take the top one,1
Oil Additive for RAV4 Hybrid,0
Camry Transmission Slipping,0
Wash day,0
Toyota Yaris 2008 Handling on freeways,0
Thoughts?,0
Toyota racer new to Reddit checking in! MR-S and Yaris.,0
Is $5960 a good deal for a 2011 Scion Xd with only 70k miles?,1
corolla verso 2.2 aur 10 with rattle from vacuum pump on acceleration,0
My first toyotaüëå,0
Toyota Hilux,0
Tyre Help LC300 2022,1
Anyone seen Super Green colour on a photo?,1
2019 Rav4 DCM malfunction,0
Which one? 2020 Prius XLE vs 2024 Corolla LE,0
Lost car remotes - Techstream says 4/4 programmed but can't delete previous codes,0
OVERTHINKER OIL CHANGE,0
2021 Toyota rav 4 crank but won‚Äôt start,0
Toyota parado rv6,0
21 Camry rear bumper alignment.,0
2024 RAV4 with BSM,0
"What the heck Toyota, how does this make sense?",0
Best cars,1
2008 Rav4 cigar lighter fuse,0
toyota hiace 2003 rzh103r obd2 port location?,0
Love my Toyotas! Planning on adding a new Tundra work truck to the lineup this year.,1
How to raise front seat of 2009 Toyota Camry?,0
The new Toyota C-HR ‚ùóÔ∏è,0
Hey my truck is making a little rattling/tick noise when I start it first time for the past week,0
2024 Venza‚Ä¶ should I buy?,0
"Acquired a 2015 Avalon hybrid limited, driving a bit bumpy",-1
Toyota yaris 2015 hybrid - hatchback,0
What is this button for? (toyota aygo 2017 x-play),0
"Toyota Corolla 91, what is this part called?",0
Have to share this neat TOYOTA gadget I got,1
Tips for 2024 Toyota Camry,0
Someone Explain to Me...,0
Thought you guys might appreciate this shot I took of a GR Corolla at Fuji International Speedway,1
Considering a Rav4 XLE Hybrid 2024,0
ID on this bodykit?,0
Thoughts on Crown vs Venza?,0
Extending the MFG warranty,0
Thoughts on this?,0
Toyota Yaris Overpriced ?,0
Bought a 2024 GR Corolla!,0
2014 Rav4 Paint issues,0
"Is first oil change too early at under 1k miles? On a 23 trd pro? 6 month interval and Toyota already did one. Manual says 10,000 miles",0
Is this crack reparable without replacing the whole windshield? Windshield companies won't tell me yes or no ('23 Corolla Hatch),-1
Toyota corolla G6,0
What kind of Avalon is this?,0
Rain,0
Need opinions! Fix or replace,0
A fraction,0
UK Corolla Smart Key Entry,1
"Toyota is HIDING this 2025 Camry // Is this the next ""TRD"" or ""GR"" Camry?!",-1
Best 2nd Toyota Sienna,1
Update on the $2800 RAV4,0
Question about head units and integrated back up camera.,0
Toyota financial question with auto pay issue,0
r.i.p phoebe,0
car vibrating please help,1
Land Cruiser update?,0
"I made oil change video guides for three generations of Highlanders, sharing what I learned.",1
Are you able to add push start to a 2002 tundra?,0
Toyota Hilux GR SPORT in red looks Amazing,1
Looking for my first truck and came across this nice t-100,1
What is the best car phone holder for a 2005 Toyota Camry for larger phones?,1
North Eastern Cars,0
Advice on Removing Mildew/Mold Smell from HVAC in 2007 Toyota Camry LE & Uneven Temperature Issue,0
Help please! Loose suspension on passenger front,1
Anyone know where i can find replacement,0
Fender Flare on my 2023 trd pro is starting to unpeel. Woikd this be covered under warranty? My dealer I purchased from doesn‚Äôt want to deal with it! Can I go to another dealer for warranty? And will Toyota honor this? Thanks,1
Any New Land Cruiser Fans Here?,0
First Car Candidate !!,0
"Picked up my first Toyota! 2006 Progr√®s nc250, 37,000km",0
Key fob wait 3 months?,0
Front of my car,0
What are these called?,0
Outrageous Dealership $12k Repair Costs 2009 Toyota Highlander!? ü§¨,-1
2011 toyota prius,0
Warranty transfers existing to new,0
Yaris Cross have two batteries?,0
2009 Toyota matrix AC not working,0
Lease questions,0
I want a Toyota!,0
Fair deal? '24 Camry Hybrid SE - $33.9k OTD,1
LTO/ Physical Plate,0
remote start,0
This poor Prius I saw outside of my apartment building.,-1
(UK) Selected for Toyota Upgrade?,0
Is the v6 first gen transmission the same as the one on the old diesel Hilux?,0
Finally done with the interior cleaning (for now),0
Fitted GR Yaris seats in my Corolla T-Sport for that OEM+ goodness,1
Frame Recall,0
Family Toyota punch card,0
Rear rotor size for 04 Corolla 1.4VVTI (E120),0
Status change FROM freight TO allocation?,0
Is the Corolla cross really that bad?,-1
Check engine light,0
"Is a 2019 Toyota Camry SE Hyrbid with 120,000 Miles for $15,000 USD worth considering?",1
TPMS Light,0
Toyota CVT‚Äòs any good?,1
How long until I can register for toyota connect after purchase?,0
Basically a Supra,0
Is this standard pricing now?,0
Would you pay $7K for this 2011 Camry XLE?,0
Headlight cutoff,0
Questions about 2023 and 2024 Corollas,0
Right hand drive Toyota in the USA,1
What is the Skeleton PPO option/accessory on a Corolla?,0
best years for camry and corolla?,1
My First Toyota,0
Is this a good buy? 2000 Lexus ES 300 180k $3500,1
How many miles do Toyotas last?,0
Before And After Of My 30 Year Old Toyota Estima Lucida Diesel,0
Keep or Swap?,0
2023 RAV4 Rear Window Washer Fluid Pump Noises,0
Radio switches from YouTube to YouTube Music when I turn the volume up?,0
Is there a trick I don't know of?,0
"Toyota warns 50,000 US vehicle owners to stop driving, get immediate repairs",-1
Anyone know where i can get a knew automatic shift cover?,0
New Camry Hybrid SE OTD prices?,0
Replacing a 2010 Transmission?,0
What is the best option I can do right now?,1
Toyota GX470 steering rack,0
Toyota Corolla 2013 - engine light on and cruise control not working,0
"1999 Camry CE, Cyl 2 misfire code.",0
35k mile maintenance,0
"If I buy my camry at the end of the lease , I have 3 months left, do I pay taxes on it aswell? (Nyc)",0
Looking to buy a used Highlander or Rav 4 - looking for experiences from current owners,0
Best route to get matching rear bumper?,1
2008 Toyota Highlander V6 4WD Remote Start and Hood Latch Sensor for Alarm,-1
Gas milage not filling as high,0
How do I compression test a Prius?,0
Bought a Toyota - features are missing - estimate damage,-1
Remote Connect on used car,0
1980's toyota pickup vs 1st or 2nd gen tacoma,0
Toyota Avensis clips for underneath bumper,0
"I got a tattoo of my toyota sera, but its actually a diagram from the owners manual telling you not to drift in the car and die or something",-1
Transmission fluid exchange?,0
Ordered parts in March 2023.. it is almost been 1 year since then but havent received it.,0
Area rep information,0
"Today marks the day I had to replace my 04 Camry's factory starter. Got an OEM one in there. This starter lasted 20 years and 251,000 miles! üí™ Strong service",1
"Hit 234,567 miles on the way to skiing this morning.",0
Cant connect pre-owned vehicle to Toyota app,0
"To spot a truck this old, this clean as a daily in Minnesota, is like spotting a unicorn.",1
What city in Northern/Southern California has the best prices for a new/used car?,1
"2008 Sienna: Constant, intermittent P0352 + thousands of dollars = ???",0
2024 Toyota Grand Highlander Hybrid Max Platinum vs 2024 Toyota Sequoia Platinum/Trd Pro,1
Engine Swap,0
Maintenance questions for my 2019 Toyota Camry,0
can changing a battery change your mileage?,0
Traded in my 2019 4Runner Off Road Premium and picked up this 2024 Sequoia TRD Pro. Already loving it.,1
Brake rotor keeps warping,0
Camry or Corolla,0
Check Engine Light,0
Need Help Canceling a Warranty Without Going to Dealership Physically,1
Yaris Cross Colour Options,0
Another Defogger and Air Conditioner Rant...,0
Should I drain and fill transmission fluid,0
Landcruiser vs 4Runner,0
Sexquoia in the NV backcountry.,0
Intermittent vibration on brakes when AC on,0
vapor canister,0
Toyota Corolla 2014,0
2020 RAV4 hybrid wireless Apple CarPlay?,0
Want to pressure Forza devs to include our beloved MR2 Spyder? Click here!,1
Buying a Prime makes no sense in most of the west coast,-1
Purchasing a catalytic converter,0
Why is my 2013 prius stereo unresponsive,0
Hybrid car for short distances. Trouble in waiting?,-1
Should I drain and refill transmission with 80k miles?,0
What year for a used car?,0
Concerns of theft in ON - should I buy a highlander or rav4?,0
Will Toyota honor this under warranty if truck is under 6 months old and not purchased from them? Fender flare is separating,1
2006 toyota sienna,0
Issue Question: Flickering Lights,0
Matching is fun,1
What model is this?,0
What Paint Color is This,0
Anyone know what Twwf conc means?,0
Tire Pressure: Why Can‚Äôt I get it to 35/33?,-1
Is there an easy way to disable the ‚Äúpassive unlock‚Äù feature?,1
Car buying advice,0
"First time changing the oil on my car, impossibly stuck oil filter!",-1
Which one looks better: DNGA Yaris Cross (NYC200/AC200) vs TNGA Yaris Cross (XP210),1
22 rav4 key fob locked in vehicle. App useless?,-1
Crown Convertible ü§î,0
1Pay Lease Program,0
Toyota Yaris Hybrid Problem,-1
My GFs 2001 Rav4 Stereo panel melts when her heater is on...,0
2008 Camry Hybrid help!,1
No lights on the dash what could the problem be,-1
Saw toyota soarer,0
360¬∞ Camera Problems,-1
My Aygo like Hot Wheels model,1
4Runner,0
Are all hybrids susceptible to catalytic converter thefts?,0
Certified Warranty vs Platinum Service Agreement,1
HELP: Toyota Aygo info needed,1
Toyota Auris 2009 MMT Flashing N & Clutch Actuator Problem,-1
"Is it possible to order parts? 2014 Prius RR bumper and bracket, left side",0
Price Check 2024 Corolla LE,0
"China seized Japan's crown for vehicle exports in 2023, data shows",0
"Is there any paint recall for for Venza 2015? I remember seeing a recall for white paintbefore, but it never mentioned Venza.",0
Help with corolla 2006,1
Love snow days with the beast,1
"Stolen Toyota vehicle, trying to recover documents. Will Toyota Financial Services have them on file?",-1
Yaris 2023 UK whining noise,-1
"2023 Camry Hybrid SE 19""",0
Wrong mpg Toyota Yaris Cross Hybrid,-1
Toyota matrix 2004,0
Filing diminished value,1
Tire Display on Dash,0
bringing my UK spec Hilux back to the USA while living overseas,0
Just brought used Toyota Camry and I had just check the truck and and ice in the trunk storage,0
Lexus LX470,0
Why are Toyota dealerships like this?,1
Just ordered the new CH-R GR Sport Premiere as a Plug-IN,0
"Toyota recommendations (spacious, 4x4, fuel-efficient)",0
Toyota highlander,0
2014 Camry engine cutting out,0
False Positive Blind Spot Alerts? 2020 Camry SE,1
2023 Corolla SE Getting 21 MPG,0
Why camry hybrid has higher mpg than corolla hybrid?,0
Toyota's Hybrid Strategy Pays Off Amidst Electric Vehicle Flux for NYSE:TM by DEXWireNews,0
Is there a website where i could get MSRP over time in USA,0
Optimal rpm,1
Will my engine be damaged if I cut off and my resonator and run it like that? I have a 2012 Toyota Camry 2.5L,-1
Sub woofer tacoma access cab,0
How to turn off vsc in Toyota Corolla verso 2007 if there is no button?,-1
Good deal? 1998 2JZ SC300,1
Caved and bought a Trueno,0
Head Unit upgrade to CarPlay 2013 Prado,0
Toyota RAV4 Hybrid XLE,0
Is a 2005 Toyota Hilux Surf a good buy?,1
Free oil change,1
2014 Camry instrument cluster display blank,0
Supra as a daily driver,0
Headrests for 97 Tacoma,0
Got this gem the other dayüñ§,0
SoCal Tacoma Salvage title‚Ä¶,0
‚ÄúDo Not Drive‚Äù recall issued for some older model Corollas and RAV4s,0
Can I fix this easily?,1
Saw 2024 the Tacoma Limited today. Jeez I thought I paid a lot for my 23 Tacoma Trd pro! These aren‚Äôt even hybrid models yet,-1
New head unit,0
Toyota Auris 2018 - 1.8 Hybrid Fuel Efficiency,1
Wait times For Toyota Corolla,0
Corolla le questions,0
What might be the meaning of this here ‚Äúmaint reqd‚Äù light?,0
"2010 Toyota Venza possible transmission issues (getting ‚Äúcaught‚Äù between second and third), anyone have experience?",0
Bluetooth Auto Connect After Remote Start,0
I was totally excited about my 2024 Prius LE then I checked the under the hatchback and there‚Äôs a styrofoam tray which is totally mind blowing. The car looks better than its predecessors in every way but some parts seem of low quality. In stead of styrofoam it should had been carbon fiber,0
2003 Toyota Camry Security Light is Solid Red,1
Toyota's new Limited Edition Tundra 1794 is going to be epic!!,-1
OEM Air/Engine Filter?,0
Yotas are hard,0
Does anyone have the EU Corrola with 1.5 and can share their experience with this car?,1
How do you kill a 97 Avalon? You rear end it!,-1
Toyota chief apologizes for cheating on testing at group company ‚Äî again,-1
Today this car is officially 30 years old! Built February 1994.,0
2024 Toyota hybrid Highlander parking assist/PCS,0
"Found and reserved an Allocation Prius Prime XSE premium with Solar, lease ""trick"" questions.",0
Toyota Tercel 1993 user manual,0
Problem temporarily fixed under warranty and re-occurred out of warranty. Will Toyota still cover the repair?,-1
Camry Cupholders Help,1
2019 Toyota Highlander Limited Passenger Mirror,-1
08 tundra transmission problems,-1
EPS Light in my 2016 Corolla,0
Post your TOYOTA daily and/or Fun driver...,1
Toyota estima v6 overheating,0
T100 in Upstate NY,0
What is this hole/light in my 2020 Toyota Auris?,0
Part number/name of this Fuel injector piece,0
Cancelling a lease after purchase in Arizona,-1
Advice on 2023 Corolla Battery,0
Toyota Grande Mark 2 Gx110 2001,0
Is Toyota losing their identity?,-1
Toyota sedans 10 k and under,0
bought this yesterday,0
Toyota Corolla 2016 LE lock/unlock feedback,0
Wash & Shine,0
2015 Tacoma or 4Runner & Why?,0
I have mark 2 2001 with 1g fe beams 2000,0
Which fuse can I use for dash cam?,0
Rust proofing,0
Could remake the older generation that isn't built like an iPhone for presumably less cost?,-1
Is the 2011 Avalon base a sleeper?,0
Toyota Camry Solara aux problems,-1
Why are used rav4 so expensive,0
"New Toyota owner, seatbelt retractor?",0
Calling all dealer techs,0
Corolla - Cabin Air Filter Wrong Direction?,-1
Seeking Advice: Considering a Used Camry with 2AZ-FE Engine - Worth the Risk?,0
The 2GR was a tight fit in the RAV4.,1
I accidentally put green coolant in my resvior and it's pink/red.,-1
Could someone help me?,1
Check engine light again,0
Parking Sensors Not Working After Head Unit Install - 2013 Tundra,0
RAV4 DCM,0
Toyota Auris 2007 parking censors,-1
Anyone under the age of 50 buy and like the new Crown?,1
1991 Toyota MR2 Alarm Issue...,-1
Need help identifying this Camry. Anybody know what year?,1
2013 toyota corolla,0
Hilux Champ in the US,1
Anyone know why vsc and vsc of lights come on?,0
Is it just me or does anyone notice used corollas are worth more or the same as used Camrys? Am I missing something?,0
carwow review of the new C-HR,0
Toyota Camry (2024) ‚Äì All-new hybrid sedan is ready to impress,1
Question on Toyota Site Inventory,0
Dealership overfilled oil and car seized on highway- how bad is it?,-1
Toyota Cressida manual swap legality,0
2019 Camry parking break problem,-1
2017 Camry Limp Mode?,0
02 Camry vs Owned 04 Camry,0
Toyota has signed a national endorsement deal with San Francisco 49ers QB Brock Purdy,1
OEM or aftermarket for body work?,0
Corolla Factory Tires @ 24k miles!,0
2018 Yaris Hybrid not starting up immediately (UK),0
Anyone up to see a mega cruiser we got today?,0
RAV4,0
Buying 2012 Rav4 V6 - inspection advice please!,1
Tacoma,0
Techstream not working properly,0
How do I remove the interior trim? 2003 Camry,0
2014 corolla le stereo dead. only reverse camera works.,-1
Any way to turn off the beeping for RSA permanently?,0
Shit-talking acronyms,0
Is there a rebate for Texas on the Prius Prime?,0
My new Corolla Touring Sports 2.0 Style in juniper blue,0
Use OEM parts only? Crank no start on Toyota Camry 2009 P0335,-1
2024 Land Cruiser order _ canada,0
Tacoma price,0
agm vs standard batteries - which one is right for me?,0
626 Customs Powered By Longo,0
Inquiring About the Longevity and Reliability of the 2015 Toyota Corolla S Sedan,0
Logistic timelines,0
Service,0
Toyota halts shipments of 10 models,0
2022 Corolla hybrid rental cruise not activating,0
r/BZ4X alive again,1
First service but extremely low mileage,-1
1997 2 Door Rav4 5 speed manual - I'm selling mine and wondering how much I should ask for it?,0
New Issue with my Toyota Yaris Cross Hybrid,0
"I bought the 2023 toyota raize back in november, a week ago i noticed this and thought some kids did it. But when i checked the other one it's also like this. What's the meaning of this? Now i don't think kids would go and play both of my side mirrors...",1
Should I buy a Toyota Camry (2018 - Current Model) Brand New or Used?,0
Toyota Celica 2004 T sport,0
Toyota Crown,0
Is this a fair estimate for a 2004 highlander?,1
USB on 2024 Toyota Camry,0
Need Help with Vehicle ID,1
2008 corolla with miuw,0
Advice needed!,0
Why can dealer make money from my info?,0
1999 Corolla LE - Evaporator Kit or Mechanic?,0
"TOYOTA HIGHLANDER OFF ROAD TEST in the Mud, Sand, and Water// HIGHLANDER 2023 REVIEW in UKRAINE",0
Continuing the Service schedule beyond the book,0
Integrated streaming,0
Thank God for the Rav4,1
2010 Sienna map way out of date,0
Prius console help,1
"100,000 mile service on Corolla",0
Car,0
"Dropped a screwdriver under the hood, now what?",0
"Is $1,211 before tax a reasonable price for a 70,000 major service ?",0
Toyota app 2nd user,0
anyone know how to restart power heat on toyota?,0
I bought an old Recorder and some radio shack branded cassette tapes at a garage sale and when I checked one of the tapes I found this on it...,0
"I have a 1983 Corolla wagon. I kinda love it. It broke a timing belt or something. Should I fix it and get it back on the road, or could I swap it out for a modern boosted something or another. I could convert to rwd, or 4x4.",1
Question regarding modern Toyota maintenance,0
Highlander USB chargers update to USB-C,0
Are the new Hiluxes as reliable as there ancestors,0
Toyota hilux 2016 wheel arch cover,0
Toyota Hilux (2018) Beeping,0
What Is This?,0
Used ES300 vs Avalon Hybrid,0
2003 Toyota Celica. Is this a good price?,1
1st gen Tundra and 3rd gen 4Runner best buds,1
Got this quote from the dealer,0
My experience with all the Toyotas I've owned so far,0
What year Corollas are still good Frist cars In 2024?,1
True appreciation for dealer service,1
Summer Wheel Recommendations for 2023 Toyota GR Corolla,0
2016 Rav4 Hybrid XLE,0
How much in general does the 2024 Prius prime cost after taxes?,0
help w corolla ?,1
HELP HOW DO I TAKE OUT THE AUX PORT ON MY TOYOTA YARIS!,1
Prado 90 series,0
Will doing a 1000-mi oil change void the 2-year oil change promotion with the dealer?,0
2012 Avensis T27 rear view mirrors not working,0
"Importing Toyota from Canada to US is not possible and hence, DON'T BUY TOYOTA!",0
Canceled Extended warranty,0
"ToyotaCare offer, is it worth it? -- From 30k to 45k miles for $280",1
My 40+ year old Corollas,0
Help before I take it to the dealership!,1
Gonna get so much extra down force with my new spoiler üöó üí™,0
Flame Retardants,0
Marina del Rey (CA) Toyota dealership service department cracked my windshield but denies responsibility - any suggestions/guidance for recourse appreciated,0
My new daily?,0
Does Rav4 Manual Transmission match the 3gen manual to the 2gen manual?,0
How are these cars for a small family run around? What's not so good with them?,-1
Best Toyota for Car-Sick prone passenger,1
Engine mounts,0
Lower mileage on 95 octane?,-1
DID I GET RIPPED OFFFFF?,0
97 Toyota Century,0
to corolla or not to corolla ü§î,0
I Need Opinions,0
Electric Vehicle - Tire Replacement,0
Ye drives a Mega Cruiser (can neither confirm or deny at this moment),1
Is the gr 86 a good first car?,0
"Hybrid owners, saddle up.",0
Somewhat new owner of a Scion iM with missing side skirt,-1
Hybrid Matience,0
New(to me) project car,0
Tacoma 2024 Hybrid Limited Price Question,-1
Does anyone know the exact model of this Corsa?,0
Does this Prado have stock ride height?,0
Is a 2005 Toyota Hilux Surf a good by for a run around car?,1
Toyota Investing $1.3 Billion Into Kentucky For New Electric SUV,0
Anyone know what this is,0
Toyota Avalon 2015 - 17x7 ... do I get this repaired or find a used matching rim?,0
Engine swap,0
Hybrid vs Conventional...advice needed!,0
2000 Sienna ignition switch won‚Äôt turn. Does anyone know how to potentially fix this or at least how to shift it into neutral so I can get it off the drive way?,0
Small paint chip,0
Thinking about getting rid of my FJ80,0
Toyota prepaid maintenance,0
Your Toyota Will Survive the Zombie Uprising: Why Are Toyotas So Reliable?,0
"Australian Toyota cars collecting and potentially sharing location data and personal information, Choice says",1
AUR10 Camshaft union knock,0
(Not mine) Has anyone ever thought of doing a Halo themed 4Runner?,0
"Changing Hiace Regius alternator - is this bolt the only thing I need to loosen the belt? Or is there another tensioner somewhere? I'm not getting much adjustment so far, and don't want to turn it too far until I'm sure. 2.7 petrol, 2001.",-1
Prices seem reasonable,0
2013 Highlander,0
Help with free 4runner,1
The stereo update freeze strikes again.,-1
1998 Tacoma Limited Won‚Äôt Die,-1
‚ÄúSnowstorm‚Äù,0
The JDM Toyota MR2's had badass styling,0
Is 30k otd a good price for 24 Camry LE?,1
New details about 4Runner and FJ Successor revealed from inside document.,1
Bluetooth error,-1
Cost of repairing dents,0
Invoice prices,0
Century Brand,0
I just bought my first car :),1
Service Question,0
Best Toyota Techstream Cable?,1
Toyota Landcruiser Japan import 2010 (Japanese version) need to change language to English,0
I need job advice as a teen,0
Stiff pedals - any way to adjust?,0
Should I look out for anything in 2005-2011 Priuses,0
"My 2020 Toyota Rav4 Hybrid XSE Reached 460,000 Miles Today!",0
"$15k, need indestructible off-roader",0
Car details lost from Toyota app,-1
Do regularly oil changed 2018 camrys most likely go up to 180k miles with no major issues.,-1
P0171 engine code on 2006 Toyota Matrix. What should I try?,0
Toyota Matrix 2010 for $6000,0
Help please,1
Toyota Certified Warranty,0
Which 2024 Rav4 is better value?,1
Hybrid gas pedal precision (appreciation post),0
Advice please!,1
Might need new tire or something else?..,0
Question,0
Calling all Toyota/Lexus mechs,0
2012-2014 transmission/torque converter defect. Anyone else run into this?,-1
Has anyone else experienced this? ('23 Camry XSE AWD),0
Question about the new multimedia player,0
"Buying 2015 Camry w/ 26,000 miles for $11,500",0
"CH-R , do you think these will make it to high miles (300k plus ) relatively easily? My 2L 2021",1
Wrapped the entire center console,0
Meme Post: What does LE and SE actually mean? GO!,0
Disable traction control turned off message?,0
Highlander le nightshade same as XLE?,0
Corolla 2024 2.0 XLI,0
Driver side starts shaking when i hit 80kph,0
Japanese Import VIN for Toyota,0
Ok guys hear me out: Rav4 Prime drivetrain in a GT86,1
2009 matrix hatch problem,-1
Thought these things were supposed to run forever!,0
"Toyota‚Äôs Ex-CEO Predicts Electric Cars Won‚Äôt Dominate Markets, But Industry Experts Disagree",-1
Am I Required to Decide Day Of?,0
"Had my wheel stolen off my 2022 Toyota Camry, what security measures should I take?",-1
Dealership Parts Websites,0
2008 RAV4 Roof Rack Question,0
Our ‚Äò18 Auris TS and ‚Äò22 Yaris Cross. Which would you pick?,0
Any good off road tire advice?,1
Wheels size for 2013 corrolla,0
new tires and TPMS,0
I think I did a dumb dumb,-1
"Just got a 2010 Camry v6 xle *Fully Loaded* 145k miles for $7,100 clean title no accidents. Let me know if it was a good deal",1
What‚Äôs the best deal for Sirius XM after your free trial ended?,1
Toyota Alphard HEV 2024 model Trip meter,0
2007 sienna button question.,0
My Design for the Toyota GR Corolla with a 2-door Config and Facelift!,0
Looking at a Honda CRV vs RAV4 Hybrid. Any worries relating to CVT transmission? Warranty that covers it in case something happens?,-1
Can someone tell me exactly what model/series/year Land Cruiser this is?,0
VVTi cold start rattle/grind (2arfe 2.5L),0
Just bought a new Corolla hybrid AWD after my Hyundai Elantra was stolen. Did I upgrade?,-1
2000 TOYOTA SIENNA 3.0 FRONT LEFT MIRROR ASSEMBLY,0
My 2024 Prius Prime was stolen - Toyota Safety Connect question,0
2024 Toyota C-HR Premiere edition hybrid - Visual Review,0
Question for everyone:,0
2016 Corolla heater not blowing out hot air,0
what was the name of the model toyotas that was made in the late 80s and early 90s before toyota came out with the tacoma? like the picture below i uploaded?,1
"First time post, any ideas?",0
"I have 6,862 photos in my phone and this is the oldest - from 2010. 1972 Crown Owner Deluxe Saloon, one of the rarest kujira Crown",0
New radiator time?,0
Question: U0293 -- Lost Communication with Hybrid Vehicle Control System,-1
Toyota truck bed air bladder keeps items from moving,0
Range VS km driven,0
2022 Toyota RAV4 LE,0
Prado 150 Tourer build Mk1,0
I just bought a 2024 RAV4 Hybrid and I'm seeing this in the Toyota app. Is it anything to be concerned about?,0
Help something is broken or chewed. What is it. Is it going to make it to the dealership?,0
Looking to buy a new vehicle confused about hybrid cars?,-1
How do I make my toyota maximally accelerate?,0
Fuel Induction?,0
Anyone know what kind of car this key goes to?,0
Thinking about a hilux,0
Love her Tilly...but not where it was built...lol,1
2023 Toyota Corolla Hatchback blows only warm/hot air out of the vents?,0
Repairing the clock on yaris xp9,0
Land Cruiser trucks? In Canada‚Ä¶?,0
How is Prius pronounced?,0
Pothole warranty,0
"Help needed: late 2009 Gen3 Prius, Backup camera wiring",1
Sw4 diesel - 2012,0
Anyone replace their JBL with better speakers???,1
Loyal GM with questions,1
pothole hurt the cars rim,-1
Took 23 trd Pro to dealer today for 6 month checkup. They noted the fender flare is okay. Who would you contact next in regards to this? For a $52k truck I don‚Äôt think this is acceptable!,1
Need advice!,0
"2009 matrix Horrible gas milage, 12.6 L/100km",-1
Is there any way to add power liftgate to a 2018 RAV4 Adventure?,1
Moving house so my aw11 is hanging out with my 1j cressida for a while at my parents.,0
2023 RAV4 Mildew smell after snow,0
Which Car Should I Buy,0
Issues from Tacoma cat converter stolen,-1
Im so smart though. Can i get a regular key?,1
Old vs newer,0
"On 12/17/23 I purchased my first brand new 24 Corolla XSE. I commute on the freeway to work 5 days a week, & I noticed how easily the paint chips! I have a few rock chips on the hood & now on the drivers side door handle. Is it worth repairing I don‚Äôt like seeing white/silver paint on my ruby car.",1
Gen 2 Prius fuel tank/fuel pressure actuator diagram,-1
"What app to use for 2020 c-hr, do I need to update?",0
Do all newer Toyotas have paint that easily scratches?,1
Adding a manual speed limiter,0
How do I reprogram a fixed key fob.,0
White pearl paint pen 2022 Highlander,0
"What Lexus models are bulletproof, with some extra comfort and won't break the bank?",1
2008 toyota yaris build ?,0
What are these blacks things ? Is it poop? There‚Äôs more of it around other places,0
Need some advice,0
09 Camry Oil Burn,0
MPG,0
00's 4runner,0
5VZ-FE prado no spark,0
Lexus LFA: The Story Behind the Making of a Legend,0
2017 Camry 4 cylinders,0
1996 Toyota Corolla color match,0
2022 Toyota and Rust Proofing,0
Any idea where someone could buy the front Toyota logo.,0
2.7L rattle on startup + oil consumption,0
The Muppets No Room For Boring Extened Edition,-1
Toyota Retains Title as World‚Äôs Biggest Auto Seller for 4th Year,0
Does anyone else work for toyota,0
Corolla Hatchback Performance issue? (59k),0
Does adding a dash cam to the fuse box void any warranty to a hybrid?,0
Hello! Service advisor here at a Toyota Dealership. Ask anything.,0
Rejoined the Toyota family this weekend in a new GR Corolla,0
"In Vegas for a few weeks and started noticing all of these beautiful Toyotas spawning. Unfortunately, I wasn‚Äôt able to take a closer look at them; possibly NFL/Toyota secrets .",1
Which is more fun: GT86 vs GR Yaris?,1
Question about 11th gen Corolla trims,0
Car Toyota Corolla 2020 LE,0
tacoma like family car,1
Manual 2017 Toyota Yaris IA issues,0
"2016 Yaris, stock rims, no hubcaps - what do I do with this bolt?",-1
Repair estimate?,0
Fog light installation - most online videos instructions vs manufacturers,0
Check Engine Light For Highlander 2018,0
"Struggling acceleration and engine noise after 25k miles, anybody else? - '21 Camry SE 4-cyl FWD",-1
"What should I include in a tune-up for my 2007 Toyota Corolla with 175,000 miles?",0
Collision repair‚Äò21 Highlander,-1
Hit 28k miles got the car at 21k put 7k on it! This car has been nothing but great!‚ù§Ô∏è,0
2005 Corolla coding mystery,0
Bringing new life to my 85 4Runner,0
Concern about radiator rust,0
I want a widdle wadder on my Rav 4 now,0
Do you think Toyota will ever make a Tundra with around 30+ mpg?,0
Is this offer good? [PNW - WA] Corolla Hybrid XLE 2024,1
Aisin warner a960e,0
Need help identifying this part from 2005 toyota Rav4,1
Well,1
1980's pickup or 1st/2nd gen tacoma?,0
Is there anyway to prove which battery warranty I got?,0
2018 Prius cabin lights wont turn on when door opens / car turns off,0
Working at Toyota//uk,0
"HELP, should I buy this 1999 Toyota Altezza RS200 Z Edition?",1
2010 Matrix Roof Rails,0
2015 Avalon Hybrid startup that involved sputtering/shaking,0
Synthetic oil 10K miles?,0
Anyone know what this is on my cigarette lighter socket and connector???,0
New project in mind,0
What's wrong with this Tundra? I'm really hopeful I can buy it won't break the bank in repairs.,0
Headlights,0
Basic maintenance on a 2024 Prius?,0
Other vehicles as easy and reliable as a Prius?,1
EGR frustration,-1
Used 2005 Toyota Camry SE v6. (Need to know if this is a good deal?),1
2007 Yaris wheel locked,0
"my Yaris GR Sport, what do you think? non Hybrid with 125 HP",0
Should i get paint protection film(PPF)?,0
What Toyota models are on offer elsewhere in the world?,0
Toyota corolla or Honda HRV?,0
Should I change my Transmission Fluid,0
'23 Sequoia Remote Hatch issues. What am I doing wrong?,-1
Low mileage or hybrid??,-1
Could You Swap the Z20/30 Cluster Into a Celsior?,0
F*cked Over at 18 Years Old Buying My Tundra in 2023,0
How come 19 year old Toyota speakers are so good?,1
The all-mighty ‚ÄúRogelio‚Äù,0
From Subaru to Toyota,0
2014 Camry,0
2012 Sienna flashing CEL and running rough,0
Century SUV in the wild,0
Multiple users for Toyota connect,0
Since I've been in here for a while let me introduce my two EE 90 Corolla's,0
How can I find Toyota electrical connectors and their matching male side companion?,0
Lease trade in,0
"Looking to sell my car but the title shows it has a lien, however this was paid off years ago.",0
2003 Prius 160k miles weird sound/alert when braking,0
Gas milage went down from 500-550 range to 430 miles?,0
"Proud to say that my first car is a manual Toyota (Aygo X). I absolutely love it, it drives phenomenal!",1
Toyota Corolla 2021 LE,0
what's this symbol on toyota aqua?,0
Looking at a 2020 Toyota Highlander LE AWD,0
Help - 2006 Highlander Tail Light Fuse,1
"For pasalo yung Vios, should I?",0
Anywhere I can purchase a ‚ÄúXZ‚Äù sticker for my Toyota Levin?,0
Prius 2010 brake booster malfunction,0
HD CarPlay and AndroidAuto boxes for 2014-2019 Tacoma and Highlander (and other Entune 2.0 units manufactured by Panasonic),0
My new Corolla :),1
Toyota app signs me out every few days (Android),0
Scout GPS Link,0
compatible doors with a 1998-2005 land cruiser,0
Anyway to keep car on when auto started?,0
Fair purchase price?,1
Strange squeal from the left wheel.,-1
Frustration trying to use my credit card,0
Can I drain oil from the filter? Change oil without remove the plug.,0
Icon of the Seas behind Icon of the Road (Miami),0
What do I do,0
Driver select screw up,0
Platinum Extended Warranty - Terminal reconnection/replacement coverage?,0
New To Toyota - Question,0
Question about Celica,0
No drill front license plate?,-1
Promo rates question,0
Rusting on 2024 Camry,0
RAV4 Door Lock DRILLED OUT in Mall Parking Lot,0
2014 camry trunk space,0
Grand Highlander Dealer Markup 8K !!,1
TRAC Off and Engine Check light,0
2024 Camry XSE Hybrid,0
"Toyota‚Äôs chairman doubles down on his electric car skepticism, forecasting that EV adoption will peak at just 30%",-1
"Having trouble finding a replacement quick connect on my 2002 toyota camry v6 fuel line, see below.",-1
2004 Toyota Matrix XR. Is it worth it?,1
Anyone know what is this checklight regarding for a Toyota Noah?,0
Sienna won't lock. Auto unlocks.,0
Do not buy TOYOTA!,0
30 day check in for second fob,0
23' Corolla Hatch: How Often To Replace the Air Filter if I live in a City?,0
"If Toyota brought the Crown Sedan and Crown Sport to the US, which existing models should be axed to make room?",-1
Pricing on JDM Toyota?,0
Is this prepaid plan worth it?,1
Latest Android Auto update brings AI summaries and New UI for Assistant [APK Download],0
Ethiopia,0
Why does the 4Runner retain its value so well even now?,1
How do you guys feel about thisüò≠,0
RAV4 vs Corolla Touring Sports,0
Toyota OEM ignition coils vs aftermarket?,0
Any advice before I buy a Toyota,0
Considering buying high mileage 2005 Camry V6... Need advice,0
What is suppose to screw into this ? Just bought,0
Toyota IMV - USA,0
97 4 Runner,0
Help! I need a car part,1
Turn off seatbelt and airbag,0
Grand Highlander Bench,1
Internal light aren't turning on.,0
Can anyone confirm that a 2011 Camry 2AR-FE is compatible with a 2011 RAV4 AWD also with the 2AR-FE?,0
2009 Toyota Corolla (HELP),0
Reliable toyotas and honda sedans,0
Corolla AWD vs RAV4,0
Front brake pads replacement,0
"As a non-Toyota owner, I‚Äôm impressed about how Toyota automatic transmissions can go hundreds of thousands of miles without changing the transmission fluid. Why is that and what‚Äôs your experience with Toyota automatics?",1
Toyota‚Äôs Electra AI goes rogue at the Washington Auto Show,0
2003 Toyota Camry no crank no start.,-1
Used Highlander??? Does it go the distance?,0
Four volume knobs in one year,0
How tf do I adjust my headlights on my 2015 Toyota Avalon XL??? P,0
transfer ECP warranty Canada,0
Anyone with hands in experience with Toyota Rush?,0
"Whats better than a 100,000 mile sticker? A 200,000 mile sticker of course.",1
"Cost for fuel injector service, break inspection, and oil change on 2018 RAV4.",0
Is Toyota Camry GLE 2024 a good buy?,1
2002 Sequoia throttle only opening 1/4 of the way when at full throttle.,0
Sometimes I hate the world we live in.,-1
Infotainment System randomly shutting down,0
How can I tell if the tires are fully inflated on a 2024 Camry LE When using an air pump without a gauge?,0
Icon meaning,0
Does Toyota do custom production orders or can you only purchase what the dealership is allocated,0
Car Paint Peeling,0
"New Toyota owner, so confused",-1
My '97 Corolla hit a milestone today.,0
Oil Change,0
Does anyone know why I don‚Äôt have the lock/unlock/start button on my Toyota app??,0
2024 Camry powered down after an hour of idling,0
Toyota 1991 mr2 for a first car,0
First Vehicle Soon! Wanting Some Potential Input.,0
"my 2018 rav4 XLE is not starting , i am getting a message that says ‚Äúcharging system malfunction‚Äù how do i fix it?",0
Toyota Yaris Hybrid MY2024,0
Which color is the new ‚Äúbeige‚Äù?,0
What‚Äôs this?,0
73.8 MPG On City Streets 2024 Toyota Camry Hybrid LE,0
2009 Toyota Corolla,0
Understanding my pay off agreement.,1
how do I fix this?,0
"In case you thought about it, DO NOT BUY from Quality Used Engines",0
Disable rear seatbelt alarm,-1
2024 Toyota Yaris Sedan,0
"Always been a European car buyer, but I wanted something finally reliable LOL. My new to me $2800 1997 RAV4!",1
2001 Toyota Echo ‚Äúfuse‚Äù problem- need advice/help please,0
Corolla cross LE 22' to older RAV4 hybrid?,0
8 speed AT in Rav4,0
2014 Toyota Highlander,0
Coins fell through the gear shifter.,0
2024 Grand Highlander,1
Does anyone know how to get music info back on the screen?,0
C59 Transmission output bearing removal,0
LC with the G-Wagon vibes,0
Question about the sub,0
New Rear Valve Cover Gasket/Highlander V6,0
Dealership charging $1400 to change the alternator,0
New or used Tacoma,0
First car help,1
Toyota warranty cancellation (within allotted first month),0
"Toyota Tells 50,000 US Owners To Stop Driving, Seek Immediate Repair",-1
XV30 and XV40,0
My Daily and My Camper,0
Picking up my 24 Corolla hybrid AWD today. First new car and first Toyota ever and very excited!,1
2014.5 Camry Digitizer Replacement Question,0
Does the 2024 Toyota Corolla Hatchback have a CVT or Automatic transmission?,0
Rest well little Camry you served me well. Lucky everyone was ok,1
Toyota Aygo (2008) remote key,0
1988 Toyota pick up,0
Sienna vs Sequoia family car,0
My biggest flex is owning a car that makes more mpg than the 2022 model of itself,0
Is this a steal? lol,0
Amazing,1
"Toyota App, 2nd Owner?",0
Is it dangerous to drive under such condition?,-1
The MSRP price for certain BASE models available in Ireland.,1
Advice needed: Repair or retire?,0
do any Toyota Seras have cassette players?,0
AWD Corolla,0
Matrix Auto Headlights,0
Can‚Äôt connect remote connect,0
Bull Bar,0
2024 Toyota Highlander Hybrid Limited,-1
About the 1.0 engine in Yaris 2007,0
Panoramic Sunroof Headroom,0
How does AWD work,0
ABS and traction control light on.,0
Can 2021 Sienna be tracked in app?,0
Buying out at end of lease advice,0
Stock base model 2024 prius and corolla fabric concerns,0
2014 Camry Hybrid how much is the cost to replace a hybrid battery,0
Anyone know the Toyota part number.,0
How to turn off 2016 Scion IA touch screen?,0
2023 or 2024 Toyota Venza,0
Toyota festival entries finally open.,1
How good is the Yaris?,1
Trophy achievement üèÜ,0
Why Toyotas take so long to warm up?,1
LC71 only available in UAE?,0
Open Corolla from my apple watch ultra possible?,0
5th gear slipping HELP,1
Toyota Aqua (NSCP-W62),0
"Which is the most efficient, stronger, more reliable motor?",1
2005 highlander issues,0
Trail Limo - YVR - Snow Day,0
2014 Rav4 Limited,-1
Getting low MPG on 21 se,-1
2011 Camry,0
TSS 3.0 - Unnecessary Alert with DRCC (Adaptive Cruise) When Cars Move Into Your Lane,1
Pros and cons of waiting until the summer for 2024 Prius,0
Next Car,0
What oil do you put for Aygo 2nd gen (2018)?,0
Does a remote starter installation void warranty ?,0
Mirai Range - $200 Plus Cost,0
My Sperm Rolla,0
What about the '11 Tundras?,0
Ah yes‚Ä¶ the Toyota Lamry,0
Toyota Is Moving A Prewar 700-Ton Press Machine Halfway Around The World,0
My beloved nugget,1
2006 Corolla S 5MT not starting,0
Roof Rail Removal,0
Rav4 End of Lease Help!,1
Advice - Toyota Car Care,1
2.4L 2AZFE RPMs fall to 400 slight shaking inside car,0
getting dealer add ons taken off after signing contract?,0
No toyota grand highlander max hybrids in Canada?,1
Look at this blue camry don't see a colour like that everyday,-1
"Just got a 2018 corolla SE, scout link gps app says it no longer works‚Ä¶any other app that works with the in car GPS?",-1
headline,label
How to raise front seat of 2009 Toyota Camry?,0
2023 RAV4 Rear Window Washer Fluid Pump Noises,0
Experience with RAV4,0
No lights on the dash what could the problem be,-1
Advice needed: Repair or retire?,0
USB on 2024 Toyota Camry,0
Caved and bought a Trueno,0
Matching is fun,1
Best 2nd Toyota Sienna,1
Head Unit upgrade to CarPlay 2013 Prado,0
Anyone hear anything about Corolla Cross Prime?,0
97 Toyota Century,0
Disable rear seatbelt alarm,-1
"Toyota is HIDING this 2025 Camry // Is this the next ""TRD"" or ""GR"" Camry?!",-1
"TOYOTA HIGHLANDER OFF ROAD TEST in the Mud, Sand, and Water// HIGHLANDER 2023 REVIEW in UKRAINE",0
2024 Toyota Highlander Hybrid Limited,-1
Remote Connect on used car,0
Question about head units and integrated back up camera.,0
2001 Sienna Sliding-Door Window Shot Out by Bb Gun ‚Äî easy DIY fix?,0
Issues from Tacoma cat converter stolen,-1
How long for Toyota shipping?,0
2014 Camry Hybrid how much is the cost to replace a hybrid battery,0
Toyota estima v6 overheating,0
Why camry hybrid has higher mpg than corolla hybrid?,0
Help with corolla 2006,1
Ok guys hear me out: Rav4 Prime drivetrain in a GT86,1
Frame Recall,0
No drill front license plate?,-1
"On 12/17/23 I purchased my first brand new 24 Corolla XSE. I commute on the freeway to work 5 days a week, & I noticed how easily the paint chips! I have a few rock chips on the hood & now on the drivers side door handle. Is it worth repairing I don‚Äôt like seeing white/silver paint on my ruby car.",1
"Is first oil change too early at under 1k miles? On a 23 trd pro? 6 month interval and Toyota already did one. Manual says 10,000 miles",0
Supra as a daily driver,0
Scion IM vs Corolla IM,0
Toyota Camry 2015 Mirror assembly dilemma. (Manual fold or automatic),0
Can the Aygo MK2 key fob be reprogrammed on another car to just lock/unlock the car?,0
My beloved nugget,1
Toyota Cressida manual swap legality,0
"If I buy my camry at the end of the lease , I have 3 months left, do I pay taxes on it aswell? (Nyc)",0
Driver side starts shaking when i hit 80kph,0
Old vs newer,0
Manual 2017 Toyota Yaris IA issues,0
"1999 Corolla, should I replace shocks and struts? (Read before you judge lol)",-1
2010 Matrix Roof Rails,0
Any New Land Cruiser Fans Here?,0
First car help,1
"ToyotaCare offer, is it worth it? -- From 30k to 45k miles for $280",1
Apple CarPlay doesn‚Äôt work anymore,0
Just wanted to share my newly acquired Landcruiser 150 Prado GX Manual.,1
Toyota corolla or Honda HRV?,0
2017 Camry Limp Mode?,0
Radio switches from YouTube to YouTube Music when I turn the volume up?,0
Why does the 4Runner retain its value so well even now?,1
2006 Toyota Highlander Center Console Removal,0
key fob programming for 2020 corolla?,0
Is a 2005 Toyota Hilux Surf a good by for a run around car?,1
What year Corollas are still good Frist cars In 2024?,1
Best deals you've gotten,1
Land Cruiser update?,0
Toyota Alphard HEV 2024 model Trip meter,0
Seeking advice - which model is best for me? (From someone who knows nothing about cars),1
Toyota CVT‚Äòs any good?,1
Well,1
Radio Toyota Land cruiser prado exclusive,0
Want to pressure Forza devs to include our beloved MR2 Spyder? Click here!,1
Need help identifying this Camry. Anybody know what year?,1
Bluetooth Auto Connect After Remote Start,0
Best Toyota Techstream Cable?,1
Used 2015 Toyota Yaris.,0
Grand Highlander Bench,1
New RAV4,0
What Is This?,0
How does AWD work,0
tacoma like family car,1
Toyota chief apologizes for cheating on testing at group company ‚Äî again,-1
Toyota Avensis clips for underneath bumper,0
Rent out my car for 3months..?,0
Is this a good price,1
My first toyotaüëå,0
Considering a Rav4 XLE Hybrid 2024,0
How do I make my toyota maximally accelerate?,0
Gas milage not filling as high,0
Anyone know the torque spec for 2011 Toyota Camry valve head cover,0
Can‚Äôt connect remote connect,0
40k car maintenance,0
How to buy 6 year-100000 miles care plus?,1
Reliable toyotas and honda sedans,0
Car Paint Peeling,0
RAV4,0
How good is the Yaris?,1
Is the Corolla cross really that bad?,-1
What Paint Color is This,0
2012 Toyota Camry Dash Lights Help,1
Question on Toyota Site Inventory,0
Looking to buy a used Highlander or Rav 4 - looking for experiences from current owners,0
Ethiopia,0
Wait times For Toyota Corolla,0
Hybrid gas pedal precision (appreciation post),0
Need help with with passing an inspection for a JDM Toyota in Canada,1
My First Toyota,0
Can 2021 Sienna be tracked in app?,0
Is there a rebate for Texas on the Prius Prime?,0
What is this suspension part called,0
Sometimes I hate the world we live in.,-1
Toyota Aqua (NSCP-W62),0
DID I GET RIPPED OFFFFF?,0
Promo rates question,0
Replacing a 2010 Transmission?,0
Anywhere I can purchase a ‚ÄúXZ‚Äù sticker for my Toyota Levin?,0
2008 Prius rough start / misfire,0
Toyota Aygo (2008) remote key,0
How is Prius pronounced?,0
Dealership Refuses to Work With Me Because I Live 50 km Away?,0
Toyota crown signia.,0
what's this symbol on toyota aqua?,0
What kind of missing screws are these??,-1
"Which is the most efficient, stronger, more reliable motor?",1
Corolla Factory Tires @ 24k miles!,0
02 Camry vs Owned 04 Camry,0
compatible doors with a 1998-2005 land cruiser,0
2024 Corolla vs 2024 Prius,0
Adding a manual speed limiter,0
Anyone know the Toyota part number.,0
360¬∞ Camera Problems,-1
Used ES300 vs Avalon Hybrid,0
Does this Prado have stock ride height?,0
best years for camry and corolla?,1
"2009 matrix Horrible gas milage, 12.6 L/100km",-1
"Had my wheel stolen off my 2022 Toyota Camry, what security measures should I take?",-1
2008 Camry Hybrid help!,1
Anyone know what this is on my cigarette lighter socket and connector???,0
LC with the G-Wagon vibes,0
Question,0
RAV4 Door Lock DRILLED OUT in Mall Parking Lot,0
Your Toyota Will Survive the Zombie Uprising: Why Are Toyotas So Reliable?,0
Lexus LX470,0
Could You Swap the Z20/30 Cluster Into a Celsior?,0
Hybrid car for short distances. Trouble in waiting?,-1
My new Corolla :),1
My new Corolla Touring Sports 2.0 Style in juniper blue,0
Buying a Prime makes no sense in most of the west coast,-1
"My 2020 Toyota Rav4 Hybrid XSE Reached 460,000 Miles Today!",0
Did I ruin my 23 trd pro by undercoating it? Internet says yes! My Mechanics say no.,-1
An even bigger EV?,0
Toyota Corolla 2013 - engine light on and cruise control not working,0
The stereo update freeze strikes again.,-1
Would you pay $7K for this 2011 Camry XLE?,0
2024 Camry XSE Hybrid,0
"Importing Toyota from Canada to US is not possible and hence, DON'T BUY TOYOTA!",0
What is this button for? (toyota aygo 2017 x-play),0
Water drainage issues on new 2024 Camrys???,0
Camry parking sensor beeping after paint chip,0
Is a 1994 Toyota Corolla still a good Frist car for anyone in 2024?,1
2024 Toyota Sequoia,0
How many miles do Toyotas last?,0
True appreciation for dealer service,1
can changing a battery change your mileage?,0
4Runner,0
Is there a website where i could get MSRP over time in USA,0
2014 prius v,0
Learning manual in a 2018 corolla iM,0
Grand Highlander Bench or Captain Chairs?,1
Century Brand,0
"What the heck Toyota, how does this make sense?",0
2007 land cruiser 2wd,0
bringing my UK spec Hilux back to the USA while living overseas,0
"I have a 1983 Corolla wagon. I kinda love it. It broke a timing belt or something. Should I fix it and get it back on the road, or could I swap it out for a modern boosted something or another. I could convert to rwd, or 4x4.",1
XV30 and XV40,0
Rain,0
Fair deal? '24 Camry Hybrid SE - $33.9k OTD,1
Toyota Aygo headlight stopped working?,-1
Does Toyota CPO come with proper detailing?,0
5VZ-FE prado no spark,0
2013 Highlander,0
How tf do I adjust my headlights on my 2015 Toyota Avalon XL??? P,0
"Prius is totaled, now debating Tundra with v8 or Highlander v6 hybrid",0
"Australian Toyota cars collecting and potentially sharing location data and personal information, Choice says",1
Front brake pads replacement,0
TSS 3.0 - Unnecessary Alert with DRCC (Adaptive Cruise) When Cars Move Into Your Lane,1
I own a 2010 Toyota Camry Hybrid and want a new stereo head unit,0
Does anyone know how to get music info back on the screen?,0
Hybrid Matience,0
Toyota Hilux (2018) Beeping,0
Scout GPS Link,0
Filing diminished value,1
Thank God for the Rav4,1
Roof Rail Removal,0
anyone know how to restart power heat on toyota?,0
Hilux Champ in the US,1
Toyota S-FR -- With the Mazda Miata selling like hotcakes...,1
"Toyota‚Äôs Ex-CEO Predicts Electric Cars Won‚Äôt Dominate Markets, But Industry Experts Disagree",-1
Will my engine be damaged if I cut off and my resonator and run it like that? I have a 2012 Toyota Camry 2.5L,-1
Does anyone have experience with multimedia screens from AINAVI?,0
Corolla - Cabin Air Filter Wrong Direction?,-1
"Toyota‚Äôs New 'Century' Brand to Be More Luxurious Than Lexus, Compete With Rolls Royce and Bentley",0
Is this a steal? lol,0
"2018 Camry, lost plastic piece in front of tire. What is part number?",-1
2.7L rattle on startup + oil consumption,0
Car paint peeling to bare metal,0
97 4 Runner,0
30 day check in for second fob,0
A fraction,0
2009 Toyota Venza Clock brightness?,1
Bought a brand new Toyota on 9/2023 (Tacoma pro) and got an email to come in for tire rotation. Going to different dealer for this since I didn‚Äôt like my first dealer I got it from. Will the dealer charge me for anything since I didn‚Äôt buy the truck from them?,1
Fender Flare on my 2023 trd pro is starting to unpeel. Woikd this be covered under warranty? My dealer I purchased from doesn‚Äôt want to deal with it! Can I go to another dealer for warranty? And will Toyota honor this? Thanks,1
2008 toyota yaris build ?,0
Outrageous Dealership $12k Repair Costs 2009 Toyota Highlander!? ü§¨,-1
Toyota Raize 2023 car seat cover,0
Anything better than KYB struts for a comfortable highway drive?,1
"Is a 2019 Toyota Camry SE Hyrbid with 120,000 Miles for $15,000 USD worth considering?",1
My experience with all the Toyotas I've owned so far,0
What kind of Avalon is this?,0
2012 Avensis T27 rear view mirrors not working,0
Update on the $2800 RAV4,0
Any good off road tire advice?,1
"I know it‚Äôs a short trip, but my 2016 Prius is still going strong. 106mpg on this short run.",1
Strange squeal from the left wheel.,-1
Status change FROM freight TO allocation?,0
"Changing Hiace Regius alternator - is this bolt the only thing I need to loosen the belt? Or is there another tensioner somewhere? I'm not getting much adjustment so far, and don't want to turn it too far until I'm sure. 2.7 petrol, 2001.",-1
New details about 4Runner and FJ Successor revealed from inside document.,1
Tacoma price,0
Toyota festival entries finally open.,1
Lost car remotes - Techstream says 4/4 programmed but can't delete previous codes,0
Why is my 2013 prius stereo unresponsive,0
2007 Camry- stay away? Or maybe ok?,1
Meme Post: What does LE and SE actually mean? GO!,0
Corolla engine questions,0
"2008 Sienna: Constant, intermittent P0352 + thousands of dollars = ???",0
The daily,0
Toyota Auris 2009 MMT Flashing N & Clutch Actuator Problem,-1
"CH-R , do you think these will make it to high miles (300k plus ) relatively easily? My 2L 2021",1
Love her Tilly...but not where it was built...lol,1
best time to buy a Camry SE,1
Hey my truck is making a little rattling/tick noise when I start it first time for the past week,0
Bull Bar,0
corolla verso 2.2 aur 10 with rattle from vacuum pump on acceleration,0
Rav4 End of Lease Help!,1
First service but extremely low mileage,-1
"2016 XSE Fromt Cluncking when turning wheel from park, or taking a turn on a incline.",0
23' Corolla Hatch: How Often To Replace the Air Filter if I live in a City?,0
Toyota corolla 1.2 turbo,0
Pothole warranty,0
Advice - Toyota Car Care,1
Need help identifying a part on a 1996 4runner limited,1
2003 Toyota Celica. Is this a good price?,1
Is my Camry totaled?,0
New Tundra problems,-1
What are these called?,0
Engine swap,0
I was totally excited about my 2024 Prius LE then I checked the under the hatchback and there‚Äôs a styrofoam tray which is totally mind blowing. The car looks better than its predecessors in every way but some parts seem of low quality. In stead of styrofoam it should had been carbon fiber,0
Prius console help,1
Why are used rav4 so expensive,0
Wash day,0
Hybrid vs Conventional...advice needed!,0
Aisin warner a960e,0
2017 Camry 4 cylinders,0
Anyone know where i can get a knew automatic shift cover?,0
Toyota Auris 2007 parking censors,-1
2005 highlander issues,0
'23 Sequoia Remote Hatch issues. What am I doing wrong?,-1
What city in Northern/Southern California has the best prices for a new/used car?,1
Traded in my 2019 4Runner Off Road Premium and picked up this 2024 Sequoia TRD Pro. Already loving it.,1
Will Toyota honor this under warranty if truck is under 6 months old and not purchased from them? Fender flare is separating,1
I want a Toyota!,0
Is it dangerous to drive under such condition?,-1
The 2GR was a tight fit in the RAV4.,1
I bought my first ever Corolla. But,0
What's the Role of this?,0
Free oil change,1
"In Vegas for a few weeks and started noticing all of these beautiful Toyotas spawning. Unfortunately, I wasn‚Äôt able to take a closer look at them; possibly NFL/Toyota secrets .",1
"Dropped a screwdriver under the hood, now what?",0
*HELP PLEASE*,0
1988 Toyota pick up,0
Toyota app signs me out every few days (Android),0
Ah yes‚Ä¶ the Toyota Lamry,0
Collision repair‚Äò21 Highlander,-1
Maintenance questions for my 2019 Toyota Camry,0
Windscreen wash not working?,0
2014 Camry,0
Invoice prices,0
Toyota Corolla 2016 LE lock/unlock feedback,0
Trucking along from Oregon to Kentucky,0
Cancelling a lease after purchase in Arizona,-1
35k mile maintenance,0
"2023 Camry Hybrid SE 19""",0
How do you kill a 97 Avalon? You rear end it!,-1
Somewhat new owner of a Scion iM with missing side skirt,-1
2024 Toyota C-HR Premiere edition hybrid - Visual Review,0
Headlights,0
What this warranty means?,0
How can I find Toyota electrical connectors and their matching male side companion?,0
SoCal Tacoma Salvage title‚Ä¶,0
Camry or Corolla,0
Oil Change,0
Tire Display on Dash,0
Rust proofing,0
2024 RAV4 with BSM,0
Which fuse can I use for dash cam?,0
"Illinois state : Toyota service center damaged my car, worth to claim DV value?",0
"Is a Toyota Avalon with 300k miles worth 2,300 dollars",1
What might be the meaning of this here ‚Äúmaint reqd‚Äù light?,0
Sienna vs Sequoia family car,0
Can someone tell me exactly what model/series/year Land Cruiser this is?,0
2009 Toyota Corolla (HELP),0
Calling all dealer techs,0
Which one? 2020 Prius XLE vs 2024 Corolla LE,0
remote start,0
Which engine is better 1GR-FE or 1GD-FTV,1
Wrong mpg Toyota Yaris Cross Hybrid,-1
Car Toyota Corolla 2020 LE,0
Gen 2 Prius fuel tank/fuel pressure actuator diagram,-1
My irst project car,0
Maintenance advice,0
Range VS km driven,0
Toyota corolla G6,0
ID on this bodykit?,0
Repair estimate?,0
Is Toyota losing their identity?,-1
Buying 2012 Rav4 V6 - inspection advice please!,1
"Always been a European car buyer, but I wanted something finally reliable LOL. My new to me $2800 1997 RAV4!",1
2024 Rav4 Purchase Price Question,0
What is the Skeleton PPO option/accessory on a Corolla?,0
Logistic timelines,0
"2007 Avalon XLS w/ 50,000 miles - what maintenance do I need?",0
"Need Advice: How Long Can I Safely Delay Servicing my 2020 Toyota Corolla? Currently at 97,123KM, Due at 96,945KM‚Äù",1
Are the new Hiluxes as reliable as there ancestors,0
r/BZ4X alive again,1
Can I fix this easily?,1
what was the name of the model toyotas that was made in the late 80s and early 90s before toyota came out with the tacoma? like the picture below i uploaded?,1
Does Toyota financial not do a 10 day grace period?,1
Toyota parado help,1
pothole hurt the cars rim,-1
to corolla or not to corolla ü§î,0
Toyota yaris 2015 hybrid - hatchback,0
2023 RAV4 Mildew smell after snow,0
Purchasing a catalytic converter,0
Forklift Warning Light,-1
New Rear Valve Cover Gasket/Highlander V6,0
Parking Sensors Not Working After Head Unit Install - 2013 Tundra,0
Question for everyone:,0
Backup camera cracked on Yaris 2017,0
Toyota Yaris Hybrid MY2024,0
2023 rav4 side mirror stolen:,-1
Need help guys,1
Toyota Reigns Supreme: The Most-Searched Automotive Brand in the US,1
(I hope Toyota does the same with Camry 18-22) Honda Enhances Ownership Experience with Upgrade to Wireless Apple CarPlay and Android Auto for 2018-2022 Accord Models,1
"Found and reserved an Allocation Prius Prime XSE premium with Solar, lease ""trick"" questions.",0
2020 RAV4 hybrid wireless Apple CarPlay?,0
The MSRP price for certain BASE models available in Ireland.,1
The Muppets No Room For Boring Extened Edition,-1
Getting low MPG on 21 se,-1
Post your TOYOTA daily and/or Fun driver...,1
Corolla le questions,0
Corolla 2024 2.0 XLI,0
Toyota truck bed air bladder keeps items from moving,0
Tacoma cat converter theft/advice/can corporate help?,1
Toyota halts shipments of 10 models,0
"New Toyota owner, so confused",-1
(UK) Selected for Toyota Upgrade?,0
What interior cleaning products do dealerships use?,0
Service Question,0
Driver select screw up,0
How necessary is the electronic coverage for a 2021 Toyota Corolla LE?,0
"Whats better than a 100,000 mile sticker? A 200,000 mile sticker of course.",1
Which one looks better: DNGA Yaris Cross (NYC200/AC200) vs TNGA Yaris Cross (XP210),1
8 speed AT in Rav4,0
21 Camry rear bumper alignment.,0
Just bought a new Corolla hybrid AWD after my Hyundai Elantra was stolen. Did I upgrade?,-1
Techstream not working properly,0
1998 Tacoma Limited Won‚Äôt Die,-1
Seeking Advice: Considering a Used Camry with 2AZ-FE Engine - Worth the Risk?,0
Is there anyway to prove which battery warranty I got?,0
Toyota Investing $1.3 Billion Into Kentucky For New Electric SUV,0
Do not buy TOYOTA!,0
Advice on Toyota Corolla 2017,0
Car,0
Cost of repairing dents,0
08 tundra transmission problems,-1
Lexus LFA: The Story Behind the Making of a Legend,0
Lower mileage on 95 octane?,-1
Toyota's new Limited Edition Tundra 1794 is going to be epic!!,-1
My '97 Corolla hit a milestone today.,0
Disable traction control turned off message?,0
RAV4 vs Corolla Touring Sports,0
Toyota Retains Title as World‚Äôs Biggest Auto Seller for 4th Year,0
"Today marks the day I had to replace my 04 Camry's factory starter. Got an OEM one in there. This starter lasted 20 years and 251,000 miles! üí™ Strong service",1
2.4L 2AZFE RPMs fall to 400 slight shaking inside car,0
I just bought a 2024 RAV4 Hybrid and I'm seeing this in the Toyota app. Is it anything to be concerned about?,0
Fitted GR Yaris seats in my Corolla T-Sport for that OEM+ goodness,1
"2010 Toyota Venza possible transmission issues (getting ‚Äúcaught‚Äù between second and third), anyone have experience?",0
Wrapped the entire center console,0
What year for a used car?,0
roof for 1987 celica,0
Prius Gr be like,1
Advice needed!,0
Today this car is officially 30 years old! Built February 1994.,0
Cousins,0
Summer Wheel Recommendations for 2023 Toyota GR Corolla,0
Thoughts on Crown vs Venza?,0
My first car need help w maintenance priority!,1
Rear driver side wheel not moving,0
Gonna get so much extra down force with my new spoiler üöó üí™,0
Am I Required to Decide Day Of?,0
Sub woofer tacoma access cab,0
Is it just me or does anyone notice used corollas are worth more or the same as used Camrys? Am I missing something?,0
Toyota dealership lost my vehicle when I took it for repairs!,-1
What's the worst Toyota you have owned?,-1
"Another "" What are you guys paying for car insurance "" thread",0
Car details lost from Toyota app,-1
Is a 2005 Toyota Hilux Surf a good buy?,1
EPS Light in my 2016 Corolla,0
Good deal? 1998 2JZ SC300,1
Do you think Toyota will ever make a Tundra with around 30+ mpg?,0
Need Help Canceling a Warranty Without Going to Dealership Physically,1
New head unit,0
Canada 2008 Toyota RAV4 ignition coil replacement,0
Repairing the clock on yaris xp9,0
What's wrong with this Tundra? I'm really hopeful I can buy it won't break the bank in repairs.,0
New driver getting some advice for getting a Toyota 4 runner from either year of 20220-2023,0
Bypassing alternator cable on Hiace Regius 3RZFE,0
Toyota avensis,0
Hmm. Yes. Why didn't i think of that.,1
1992 Toyota Celica Swirl control solenoid,0
Toyota IMV - USA,0
2005 Corolla coding mystery,0
Tacoma 6a vs 6m,0
New project in mind,0
HELP HOW DO I TAKE OUT THE AUX PORT ON MY TOYOTA YARIS!,1
Toyota Yaris 2008 Handling on freeways,0
Uh oh!,0
2014 Rav4 Limited,-1
Not sure if I should upgrade or wait,-1
2007 toyota rav4,0
Toyota Certified Warranty,0
Camry Cupholders Help,1
2014 camry trunk space,0
Next Car,0
Pros and cons of waiting until the summer for 2024 Prius,0
2011 Camry,0
North Eastern Cars,0
Can I drain oil from the filter? Change oil without remove the plug.,0
Marina del Rey (CA) Toyota dealership service department cracked my windshield but denies responsibility - any suggestions/guidance for recourse appreciated,0
Toyota sedans 10 k and under,0
Scion TC 05-10 console lid,0
Flame Retardants,0
Sienna won't lock. Auto unlocks.,0
2014 Rav4 Paint issues,0
"Toyota‚Äôs chairman doubles down on his electric car skepticism, forecasting that EV adoption will peak at just 30%",-1
2023 Toyota Corolla Hatchback blows only warm/hot air out of the vents?,0
How much in general does the 2024 Prius prime cost after taxes?,0
Toyota Yaris Hybrid Problem,-1
Trail Limo - YVR - Snow Day,0
What is your favorite memory in your 90‚Äôs Camry?,1
OVERTHINKER OIL CHANGE,0
Engine Swap,0
"100,000 mile service on Corolla",0
Took 23 trd Pro to dealer today for 6 month checkup. They noted the fender flare is okay. Who would you contact next in regards to this? For a $52k truck I don‚Äôt think this is acceptable!,1
Hybrid Camry or Crown??,0
Land Cruiser,0
Question about the Brake Drum Material for Toyota Dyna - Need Help,1
Toyota OEM ignition coils vs aftermarket?,0
TT 2JZ Aristo 91 instead of 98,0
Cruise control Toyota Yaris,0
Open Corolla from my apple watch ultra possible?,0
Calling all Toyota/Lexus mechs,0
Anyone up to see a mega cruiser we got today?,0
Should I drain and fill transmission fluid,0
What's this icon mean in Toyota corolla 2016 dashboard ?,0
2012-2014 transmission/torque converter defect. Anyone else run into this?,-1
2025 Toyota bZ3X Spotted Testing in Metro Detroit,0
How do I remove the interior trim? 2003 Camry,0
"Toyota warns 50,000 US vehicle owners to stop driving, get immediate repairs",-1
Multiple users for Toyota connect,0
Is this a good deal?,1
Hit 28k miles got the car at 21k put 7k on it! This car has been nothing but great!‚ù§Ô∏è,0
Saw toyota soarer,0
2009 matrix hatch problem,-1
73.8 MPG On City Streets 2024 Toyota Camry Hybrid LE,0
Just joined the family,0
2008 corolla with miuw,0
Do regularly oil changed 2018 camrys most likely go up to 180k miles with no major issues.,-1
My 2024 Prius Prime was stolen - Toyota Safety Connect question,0
Pricing on JDM Toyota?,0
"To spot a truck this old, this clean as a daily in Minnesota, is like spotting a unicorn.",1
"Is $1,211 before tax a reasonable price for a 70,000 major service ?",0
What should I get?,0
Fair purchase price?,1
Yaris Cross have two batteries?,0
Importing Toyota from Canada to US!,0
First Car Candidate !!,0
Which variant of the new Toyota Corolla 2024 should I get? (GCC version),0
2003 Toyota Camry no crank no start.,-1
Best Toyota for Car-Sick prone passenger,1
2019 Toyota Highlander Limited Passenger Mirror,-1
Anyone know what this is,0
What is suppose to screw into this ? Just bought,0
Saw 2024 the Tacoma Limited today. Jeez I thought I paid a lot for my 23 Tacoma Trd pro! These aren‚Äôt even hybrid models yet,-1
Question about the sports 800,0
Anyone with hands in experience with Toyota Rush?,0
LTO/ Physical Plate,0
What is this hole/light in my 2020 Toyota Auris?,0
Help - 2006 Highlander Tail Light Fuse,1
help w corolla ?,1
Need help identifying this part from 2005 toyota Rav4,1
Rusting on 2024 Camry,0
Just A Wild Corolla In a Wet Scotland,0
Corolla cross LE 22' to older RAV4 hybrid?,0
how do I fix this?,0
Toyota Camry questions,0
Is the Highlander that good? Trying to pick between Pathfinder or Highlander...,1
Is 30k otd a good price for 24 Camry LE?,1
"I have 6,862 photos in my phone and this is the oldest - from 2010. 1972 Crown Owner Deluxe Saloon, one of the rarest kujira Crown",0
Toyota Grande Mark 2 Gx110 2001,0
2001 tundra,0
TRAC Off and Engine Check light,0
How can I tell if the tires are fully inflated on a 2024 Camry LE When using an air pump without a gauge?,0
My friend saw this 86 with a Lexus bumper conversion üëÄ,0
Have to share this neat TOYOTA gadget I got,1
Help finding this part,1
Advice please!,1
Help! Should I keep investing or start looking for a new car,1
I think I'll take the top one,1
2008 Toyota Corolla needs repair?,0
Does anyone know why I don‚Äôt have the lock/unlock/start button on my Toyota app??,0
1st gen Tundra and 3rd gen 4Runner best buds,1
Prices seem reasonable,0
Anyone know what is this checklight regarding for a Toyota Noah?,0
I bought an old Recorder and some radio shack branded cassette tapes at a garage sale and when I checked one of the tapes I found this on it...,0
2022 Toyota RAV4 LE,0
Rejoined the Toyota family this weekend in a new GR Corolla,0
Anyone know what can cause my car to stop beeping when I unlock it or lock it,-1
Japanese Import VIN for Toyota,0
Lease trade in,0
Help before I take it to the dealership!,1
Fuel Induction?,0
Front strut holder rust,0
"my Yaris GR Sport, what do you think? non Hybrid with 125 HP",0
Question about 11th gen Corolla trims,0
Headrests for 97 Tacoma,0
2008 Rav4 cigar lighter fuse,0
Aygo key coding?,0
getting dealer add ons taken off after signing contract?,0
Paint colour,0
2009 Toyota matrix AC not working,0
"Camry 2024, can't change the volume when music is paused :(",-1
Lifted my Toyota,0
How do you guys feel about thisüò≠,0
I've installed some LEDs on my 2008 Aygo,0
Inquiring About the Longevity and Reliability of the 2015 Toyota Corolla S Sedan,0
Underground vs. Outdoor Parking for new car,0
"In case you thought about it, DO NOT BUY from Quality Used Engines",0
"What should I include in a tune-up for my 2007 Toyota Corolla with 175,000 miles?",0
Rear rotor size for 04 Corolla 1.4VVTI (E120),0
1997 2 Door Rav4 5 speed manual - I'm selling mine and wondering how much I should ask for it?,0
Questions about 2023 and 2024 Corollas,0
Check Engine Light,0
2018 Prius cabin lights wont turn on when door opens / car turns off,0
üòêüòêüòê,0
bought this yesterday,0
"Is it possible to order parts? 2014 Prius RR bumper and bracket, left side",0
Other vehicles as easy and reliable as a Prius?,1
2009 Toyota Corolla,0
Use OEM parts only? Crank no start on Toyota Camry 2009 P0335,-1
2024 Toyota Grand Highlander Hybrid Max Platinum vs 2024 Toyota Sequoia Platinum/Trd Pro,1
"2012 Toyota Camry torque converter shudder, what do I do?",0
Buying out at end of lease advice,0
Engine air filter housing - broken plastic,-1
Looking for solid all-weather tires for my 2016 Toyota Corolla,0
F*cked Over at 18 Years Old Buying My Tundra in 2023,0
Anyone seen Super Green colour on a photo?,1
2002 Sequoia throttle only opening 1/4 of the way when at full throttle.,0
Is there any way to add power liftgate to a 2018 RAV4 Adventure?,1
What is this?,0
Toyota's Hybrid Strategy Pays Off Amidst Electric Vehicle Flux for NYSE:TM by DEXWireNews,0
Toyota yaris 2019 owner infotainment system firmware ask,0
Service,0
2007 sienna button question.,0
Buying 2010 Toyota Corolla LE,0
2024 Land Cruiser order _ canada,0
What model is this?,0
Old Toyota Crown with snorkel,0
"Proud to say that my first car is a manual Toyota (Aygo X). I absolutely love it, it drives phenomenal!",1
just bought myself a new corolla and i have some questions about it!,0
carwow review of the new C-HR,0
Toyota 1991 mr2 for a first car,0
Have a crack on my windshield.,0
Loyal GM with questions,1
"Extra Warranty, ECP Platinum Program",0
New Issue with my Toyota Yaris Cross Hybrid,0
Which color is the new ‚Äúbeige‚Äù?,0
2015 Avalon Hybrid startup that involved sputtering/shaking,0
Matrix Auto Headlights,0
My Aygo like Hot Wheels model,1
How do I cancel extended warranty?,-1
Anyone under the age of 50 buy and like the new Crown?,1
Basically a Supra,0
Sexquoia in the NV backcountry.,0
Are you able to add push start to a 2002 tundra?,0
Looking for my first truck and came across this nice t-100,1
The all-mighty ‚ÄúRogelio‚Äù,0
agm vs standard batteries - which one is right for me?,0
Has anyone ever towed their Hybrid with a tow dolly (rear wheels down)?,0
I have mark 2 2001 with 1g fe beams 2000,0
Why can dealer make money from my info?,0
2024 Camry powered down after an hour of idling,0
"First time changing the oil on my car, impossibly stuck oil filter!",-1
Anyone know where i can find replacement,0
Concern about radiator rust,0
Tire Pressure: Why Can‚Äôt I get it to 35/33?,-1
Why is my 2022 -showing a return to dealer alert and how to reset it to clear it off,1
Is there a trick I don't know of?,0
OEM Air/Engine Filter?,0
Need opinions! Fix or replace,0
Dealership charging $1400 to change the alternator,0
Help please,1
09 Camry Oil Burn,0
I Need Opinions,0
2024 Venza‚Ä¶ should I buy?,0
Intermittent vibration on brakes when AC on,0
Working at Toyota//uk,0
Toyota Landcruiser Japan import 2010 (Japanese version) need to change language to English,0
Picking up my 24 Corolla hybrid AWD today. First new car and first Toyota ever and very excited!,1
"Acquired a 2015 Avalon hybrid limited, driving a bit bumpy",-1
Anyway to keep car on when auto started?,0
2010 Sienna map way out of date,0
Do all newer Toyotas have paint that easily scratches?,1
Oil Additive for RAV4 Hybrid,0
"Toyota Corolla 91, what is this part called?",0
I just bought my first car :),1
"my 2018 rav4 XLE is not starting , i am getting a message that says ‚Äúcharging system malfunction‚Äù how do i fix it?",0
Which Car Should I Buy,0
Yaris 2023 UK whining noise,-1
2014 corolla le stereo dead. only reverse camera works.,-1
Toyota Submodel?,0
2013 4Runner hums and clicks when accelerating?,0
Whining noise,-1
Coins fell through the gear shifter.,0
transfer ECP warranty Canada,0
Help with free 4runner,1
"What Lexus models are bulletproof, with some extra comfort and won't break the bank?",1
Ye drives a Mega Cruiser (can neither confirm or deny at this moment),1
Brake pad change on rav 4 2015,0
New 2024 Hybrid XLE Camry!Question: are there any car seat covers that you really like?,1
I can‚Äôt decide between a 2024 black Tacoma or a underground Tacoma,0
Remote Connect Stoped Working,0
Love my Toyotas! Planning on adding a new Tundra work truck to the lineup this year.,1
"If Toyota brought the Crown Sedan and Crown Sport to the US, which existing models should be axed to make room?",-1
2024 RAV4 Adventure Radio Issue,1
Is this standard pricing now?,0
Help something is broken or chewed. What is it. Is it going to make it to the dealership?,0
The JDM Toyota MR2's had badass styling,0
Advice on Removing Mildew/Mold Smell from HVAC in 2007 Toyota Camry LE & Uneven Temperature Issue,0
Is this a fair estimate for a 2004 highlander?,1
Used 2005 Toyota Camry SE v6. (Need to know if this is a good deal?),1
"A Toyota dealer said the cost to replace ABS computer is near $5,000. Does anyone have experience in this? I smell a scam and hustle in play here.",-1
Frustration trying to use my credit card,0
Dealership Parts Websites,0
Toyota Avalon 2015 - 17x7 ... do I get this repaired or find a used matching rim?,0
Possible flood damaged Sienna,-1
Bought Toyota that Has Been in an Accident,-1
How do I get Waze come up on infotainment screen Android Auto for 21' Corolla?!,0
Tips for 2024 Toyota Camry,0
626 Customs Powered By Longo,0
do any Toyota Seras have cassette players?,0
Amazing,1
Corolla Hatchback Performance issue? (59k),0
Certified Warranty vs Platinum Service Agreement,1
Bluetooth error,-1
Someone Explain to Me...,0
Concerns of theft in ON - should I buy a highlander or rav4?,0
r.i.p phoebe,0
T100 in Upstate NY,0
Does the 2024 Toyota Corolla Hatchback have a CVT or Automatic transmission?,0
Alarm goes off after opening car after remote start,-1
Toyota Corolla active 1.8 (oct 2020) vs C-HR 1.8 premium (jan 2018) - NL,1
White Smoke and Hot Hose After Cleaning EGR on 2011 Prius,0
Is the gr 86 a good first car?,0
Camry vs Corella,0
Panoramic Sunroof Headroom,0
Question regarding modern Toyota maintenance,0
"First time post, any ideas?",0
Could remake the older generation that isn't built like an iPhone for presumably less cost?,-1
Corolla AWD vs RAV4,0
How long until I can register for toyota connect after purchase?,0
Got this quote from the dealer,0
Toyota hilux 2016 wheel arch cover,0
Ideas on how to fix this paint/body damage? 2006 Toyota Avalon Limited driver side door,-1
2014.5 Camry Digitizer Replacement Question,0
Toyota has signed a national endorsement deal with San Francisco 49ers QB Brock Purdy,1
Thought these things were supposed to run forever!,0
Problem temporarily fixed under warranty and re-occurred out of warranty. Will Toyota still cover the repair?,-1
New or used Tacoma,0
Anyone experiencing oil consumption on the 2ar-FXE? This engine was used in the ES and Camry hybrids and other vehicles as well,1
‚ÄúDo Not Drive‚Äù recall issued for some older model Corollas and RAV4s,0
Toyota Yaris Overpriced ?,0
Right hand drive Toyota in the USA,1
Question about the sub,0
new tires and TPMS,0
"Just got a 2010 Camry v6 xle *Fully Loaded* 145k miles for $7,100 clean title no accidents. Let me know if it was a good deal",1
Spent some time doing some cleaning..I HATE cleaning the white letters.,-1
"China seized Japan's crown for vehicle exports in 2023, data shows",0
Wash & Shine,0
2014 Camry instrument cluster display blank,0
Latest Android Auto update brings AI summaries and New UI for Assistant [APK Download],0
Toyota Corolla 2014,0
Toyota Camry Solara aux problems,-1
Car buying advice,0
Toyota parado rv6,0
Sw4 diesel - 2012,0
Icon meaning,0
2019 Camry parking break problem,-1
Key fob not working after new battery change,0
Which is more fun: GT86 vs GR Yaris?,1
"I got a tattoo of my toyota sera, but its actually a diagram from the owners manual telling you not to drift in the car and die or something",-1
2012 Sienna flashing CEL and running rough,0
Continuing the Service schedule beyond the book,0
How do I reprogram a fixed key fob.,0
Lease questions,0
How to Check if you can Retrofit Cruise Control in Toyota,0
Issue Question: Flickering Lights,0
EGR frustration,-1
Recommendations for new manual,0
Toyota financial,0
Just brought used Toyota Camry and I had just check the truck and and ice in the trunk storage,0
how can I get this 3.5 aux port working in my 2006 solara?,0
Pay off quote,0
Land Cruiser trucks? In Canada‚Ä¶?,0
White pearl paint pen 2022 Highlander,0
Any idea where someone could buy the front Toyota logo.,0
2004 Toyota Matrix XR. Is it worth it?,1
Transmission fluid exchange?,0
Toyota highlander,0
Car claim from past,0
Aux/Disc Button stopped working,-1
My GFs 2001 Rav4 Stereo panel melts when her heater is on...,0
Engine mounts,0
Is this crack reparable without replacing the whole windshield? Windshield companies won't tell me yes or no ('23 Corolla Hatch),-1
Car suggestions,0
Should I drain and refill transmission with 80k miles?,0
Remote app access cost SHAME ON TOYOTA for bait and switch,-1
Understanding my pay off agreement.,1
Check engine light,0
2022 Toyota Corolla Cross Battery Low,-1
Tech stream Remote start help,1
Help with Toyota inventory search tool.,1
2008 RAV4 Roof Rack Question,0
Extending the MFG warranty,0
First Vehicle Soon! Wanting Some Potential Input.,0
My New Crown makes the Highlander look small,0
2003 Prius 160k miles weird sound/alert when braking,0
2015 Tacoma or 4Runner & Why?,0
Toyota Celica 2004 T sport,0
Will doing a 1000-mi oil change void the 2-year oil change promotion with the dealer?,0
I need job advice as a teen,0
MPG,0
Wheels size for 2013 corrolla,0
2024 Toyota hybrid Highlander parking assist/PCS,0
"HELP, should I buy this 1999 Toyota Altezza RS200 Z Edition?",1
LC71 only available in UAE?,0
Gas milage went down from 500-550 range to 430 miles?,0
"Hybrid owners, saddle up.",0
Any one has,0
Should I look out for anything in 2005-2011 Priuses,0
Before And After Of My 30 Year Old Toyota Estima Lucida Diesel,0
Any way to turn off the beeping for RSA permanently?,0
AUR10 Camshaft union knock,0
2003 Toyota Camry Security Light is Solid Red,1
Got the TEs on my 2024 Sequoia TRD Pro this weekend.,0
Is there an easy way to disable the ‚Äúpassive unlock‚Äù feature?,1
"For pasalo yung Vios, should I?",0
"As a non-Toyota owner, I‚Äôm impressed about how Toyota automatic transmissions can go hundreds of thousands of miles without changing the transmission fluid. Why is that and what‚Äôs your experience with Toyota automatics?",1
2023 Corolla SE Getting 21 MPG,0
I need help updating the media :(,0
Keep or Swap?,0
Part number/name of this Fuel injector piece,0
Turn off seatbelt and airbag,0
Does a remote starter installation void warranty ?,0
Toyota Corolla LE 2013 Seatbelt not clicking,0
2000 TOYOTA SIENNA 3.0 FRONT LEFT MIRROR ASSEMBLY,0
Toyota app 2nd user,0
Area rep information,0
Should I buy a Toyota Camry (2018 - Current Model) Brand New or Used?,0
Finally done with the interior cleaning (for now),0
Toyota Kluger - captain seats,0
Is this a good buy? 2000 Lexus ES 300 180k $3500,1
Rest well little Camry you served me well. Lucky everyone was ok,1
Toyota matrix 2004,0
Basic maintenance on a 2024 Prius?,0
Yaris Cross Colour Options,0
Anyone know why vsc and vsc of lights come on?,0
Need Help with Vehicle ID,1
Internal light aren't turning on.,0
1996 Toyota Corolla color match,0
Mirai Range - $200 Plus Cost,0
Crown Convertible ü§î,0
From Subaru to Toyota,0
Any advice before I buy a Toyota,0
Toyota warranty cancellation (within allotted first month),0
Stock base model 2024 prius and corolla fabric concerns,0
2007 Rav4 all of the turn signal and hazards light work expect for rear right turn signal. Is it a bad fuse or the bulb went out?,-1
toyota hiace 2003 rzh103r obd2 port location?,0
Dealership overfilled oil and car seized on highway- how bad is it?,-1
2005 toyota avalon XL. 1 owner. 50k miles. Buy??,0
Toyota Prado Issues,0
Check Engine Light For Highlander 2018,0
Toyota Tercel 1993 user manual,0
Four volume knobs in one year,0
Question: U0293 -- Lost Communication with Hybrid Vehicle Control System,-1
RAV4 Rotors,0
ABS and traction control light on.,0
Toyota Corolla 2021 LE,0
What regular oil changes does to a MF,0
Decided to replace the tailights - Looks Much Better!,1
Is there a way to increase the steering-assistant warning-time?,1
Question about the new multimedia player,0
Anyone know what kind of car this key goes to?,0
Does anyone else work for toyota,0
Toyota Is Moving A Prewar 700-Ton Press Machine Halfway Around The World,0
what car is this? seller said it was a 2005 camry,0
From a Lifetime of Hondas to My First Toyota: Just bought the all new Yaris Cross Asian Edition!,0
Toyota Crown,0
Can anyone confirm that a 2011 Camry 2AR-FE is compatible with a 2011 RAV4 AWD also with the 2AR-FE?,0
My biggest flex is owning a car that makes more mpg than the 2022 model of itself,0
Thoughts?,0
Tyre Help LC300 2022,1
RAV4 vs Corolla Cross,0
Trophy achievement üèÜ,0
Brake rotor keeps warping,0
"1999 Camry CE, Cyl 2 misfire code.",0
"Help!! Dropped one of the super small MAF screws down the engine bay, Toyota Scion xD 2012! What screw should I get to replace them??",1
Yotas are hard,0
Anyone know what Twwf conc means?,0
Why Toyotas take so long to warm up?,1
My Sperm Rolla,0
Need some advice,0
"Hit 234,567 miles on the way to skiing this morning.",0
Looking to buy a new vehicle confused about hybrid cars?,-1
"Cost for fuel injector service, break inspection, and oil change on 2018 RAV4.",0
Bought a 2024 GR Corolla!,0
Looking at a Honda CRV vs RAV4 Hybrid. Any worries relating to CVT transmission? Warranty that covers it in case something happens?,-1
P0171 engine code on 2006 Toyota Matrix. What should I try?,0
Low mileage or hybrid??,-1
Canceled Extended warranty,0
Love snow days with the beast,1
The new Toyota C-HR ‚ùóÔ∏è,0
"I drive my 99 corolla like i stole it, would another car tolerate this?",1
Stupid buy? 2005 highlander,-1
High clutch in my Aygo,0
Need repair advice,0
"What app to use for 2020 c-hr, do I need to update?",0
Icon of the Seas behind Icon of the Road (Miami),0
Thoughts on this?,0
Got this gem the other dayüñ§,0
Does Rav4 Manual Transmission match the 3gen manual to the 2gen manual?,0
2014 Toyota Highlander,0
"Help needed: late 2009 Gen3 Prius, Backup camera wiring",1
"New Toyota owner, seatbelt retractor?",0
Dcm malfunction?,0
UK Corolla Smart Key Entry,1
Stolen/missing rocker panel,0
Should i get paint protection film(PPF)?,0
"My 19 Avalon XLE, XSE grille swap, and fog lights!",0
vapor canister,0
2014 Camry engine cutting out,0
Bringing new life to my 85 4Runner,0
Considering buying high mileage 2005 Camry V6... Need advice,0
Is Toyota Camry GLE 2024 a good buy?,1
Looking at a 2020 Toyota Highlander LE AWD,0
No toyota grand highlander max hybrids in Canada?,1
Fortuner/Sw4 1GR-FE oil leak,-1
How come 19 year old Toyota speakers are so good?,1
2006 toyota sienna,0
Car seat,0
"Gentle Love Tap on my Prius Bumper, caused the Blind Spot Monitor to be ""unavailable"". How much $$$ to ""repair"" this ?",1
"My Rav4 hybrid 23 GPS, is not aligned. It starts off well but doesn't turn when I make a turn, makes it harder to follow. Any advice?",0
Bought a 2001 Camry today. Whats this part between radio and AC?,0
Grand Highlander Dealer Markup 8K !!,1
Im so smart though. Can i get a regular key?,1
What is the best car phone holder for a 2005 Toyota Camry for larger phones?,1
Car parts,0
Best cars,1
"Looking to sell my car but the title shows it has a lien, however this was paid off years ago.",0
Help please! Loose suspension on passenger front,1
Toyota tundra charcoal canister,0
My new daily?,0
My Daily and My Camper,0
What do I do,0
"Just got a 2018 corolla SE, scout link gps app says it no longer works‚Ä¶any other app that works with the in car GPS?",-1
Car won't move,0
2021 Toyota rav 4 crank but won‚Äôt start,0
Engine oil leak?(pic),0
How to turn off 2016 Scion IA touch screen?,0
Best route to get matching rear bumper?,1
Toyota‚Äôs Electra AI goes rogue at the Washington Auto Show,0
1980's pickup or 1st/2nd gen tacoma?,0
(Not mine) Has anyone ever thought of doing a Halo themed 4Runner?,0
What Toyota models are on offer elsewhere in the world?,0
Need advice!,0
Small paint chip,0
00's 4runner,0
"Toyota recommendations (spacious, 4x4, fuel-efficient)",0
"$15k, need indestructible off-roader",0
Is $5960 a good deal for a 2011 Scion Xd with only 70k miles?,1
Moving house so my aw11 is hanging out with my 1j cressida for a while at my parents.,0
Help! I need a car part,1
Infotainment System randomly shutting down,0
Look at this blue camry don't see a colour like that everyday,-1
Toyota racer new to Reddit checking in! MR-S and Yaris.,0
How many high mileage Toyotas we got out there?,0
Does anyone know the exact model of this Corsa?,0
This poor Prius I saw outside of my apartment building.,-1
Cant use function of car?,0
"Is there any paint recall for for Venza 2015? I remember seeing a recall for white paintbefore, but it never mentioned Venza.",0
Another Defogger and Air Conditioner Rant...,0
2022 Corolla hybrid rental cruise not activating,0
Will these work as headlights?,0
"Toyota Tells 50,000 US Owners To Stop Driving, Seek Immediate Repair",-1
Backseat buckel,0
TPMS Light,0
22 rav4 key fob locked in vehicle. App useless?,-1
Optimal rpm,1
Has anyone else experienced this? ('23 Camry XSE AWD),0
Prado 150 Tourer build Mk1,0
Century SUV in the wild,0
Our ‚Äò18 Auris TS and ‚Äò22 Yaris Cross. Which would you pick?,0
Has anyone driven the 1.8L 2WD CC Hybrid? What are your thoughts regarding performance?,0
Is this what it's for,0
2007 Yaris wheel locked,0
Car brand name?,0
Headlight cutoff,0
Bought a Toyota - features are missing - estimate damage,-1
Good Toyota mechanic greater nyc,1
2025 4Runner Spied Testing in Public -- First Prototype Pics üì∏,0
What about the '11 Tundras?,0
"Picked up my first Toyota! 2006 Progr√®s nc250, 37,000km",0
Save? Or Say Good-bye?,1
Is the 2011 Avalon base a sleeper?,0
How to turn off vsc in Toyota Corolla verso 2007 if there is no button?,-1
"Buying 2015 Camry w/ 26,000 miles for $11,500",0
Hello! Service advisor here at a Toyota Dealership. Ask anything.,0
Why are Toyota dealerships like this?,1
Question about Celica,0
1991 Toyota MR2 Alarm Issue...,-1
1Pay Lease Program,0
False Positive Blind Spot Alerts? 2020 Camry SE,1
Fog light installation - most online videos instructions vs manufacturers,0
Proud owner of 3,1
Toyota Matrix 2010 for $6000,0
Which 2024 Rav4 is better value?,1
Tacoma,0
OEM or aftermarket for body work?,0
Recent purchase from Japan. Jzx110 Mark II IRV.,0
5th gear slipping HELP,1
Family Toyota punch card,0
What is the best option I can do right now?,1
Check engine light again,0
2025 4Runner in the wild in camouflage,0
Toyota Hilux,0
VVTi cold start rattle/grind (2arfe 2.5L),0
Synthetic oil 10K miles?,0
2015 Toyota Corolla - rotor and brakepad replacement,0
Does adding a dash cam to the fuse box void any warranty to a hybrid?,0
HELP: Toyota Aygo info needed,1
How to read the date of production of Toyota WS Transmission Fluid?,0
Price Check 2024 Corolla LE,0
Does anyone have the EU Corrola with 1.5 and can share their experience with this car?,1
Prius 2010 brake booster malfunction,0
How often do you replace the shocks/struts?,0
I think I did a dumb dumb,-1
Just ordered the new CH-R GR Sport Premiere as a Plug-IN,0
Help,1
Is this offer good? [PNW - WA] Corolla Hybrid XLE 2024,1
2022 Toyota and Rust Proofing,0
My 40+ year old Corollas,0
What are these blacks things ? Is it poop? There‚Äôs more of it around other places,0
Used Highlander??? Does it go the distance?,0
Toyota Camry (2024) ‚Äì All-new hybrid sedan is ready to impress,1
"I made oil change video guides for three generations of Highlanders, sharing what I learned.",1
Prado 90 series,0
Thinking about a hilux,0
Trim Level Meanings,0
My Design for the Toyota GR Corolla with a 2-door Config and Facelift!,0
Advice on 2023 Corolla Battery,0
Toyota prepaid maintenance,0
What‚Äôs the best deal for Sirius XM after your free trial ended?,1
Cant connect pre-owned vehicle to Toyota app,0
2011 toyota prius,0
Platinum Extended Warranty - Terminal reconnection/replacement coverage?,0
Highlander Transmission Fluid Help,1
1999 Corolla LE - Evaporator Kit or Mechanic?,0
Electric Vehicle - Tire Replacement,0
RAV4 DCM,0
Landcruiser vs 4Runner,0
