Headline,sentiment
Toyota left bottle of oil inside engine compartment,0
Did Toyota engine reliability peak at some point in the past? Or is it still improving?,0
OEM Air/Engine Filter?,0
Is engine breaking on CVT a bad idea?,0
Corolla engine questions,0
Dealer suggested engine cleaning for carbon buildup?,0
How good is the 2GR-FE engine?,1
Why are these cars so fucking good? Absolute peak of automotive engineering.,1
Check Engine Light,0
Engine Replacement,0
Engine mounts,0
"Got this 2000 Carmy, 2 months ago for $1,2k . 150k miles. Zero issues. No check engine light.",0
Engine swap,0
Engine Swap,0
Check engine light,0
Check Engine Light,0
Check engine code question,0
Engine oil leak?(pic),0
Do you guys think I could install a brand new mid engine corvette platform in a 1985 Toyota Supra? Making it rear engine?,0
Best Toyota engine?,1
Check engine light again,0
Engine swap NEED HELP!!!,1
Tacoma: Toyota Tacoma Chief Engineer on new engine reliability,0
Rodents in new tundra engine,0
What are some of the most unreliable Toyota engines ever made?,0
1KR-FE engine,0
Part number for engine air filter,0
whats a realistic engine swap for a t20 celica with the 1.8 7afe engine?,0
Check Engine Light For Highlander 2018,0
Rav 4 engine stopped power steering low.,-1
Engine Oil Toyota Passo,0
TRAC Off and Engine Check light,0
Engine swapping ideas?,0
2014 Camry engine cutting out,0
Engine choice,0
Engine oil pressure,-1
08 4.7 engine compatibility,0
Hot air coming from engine bay,0
2010 corolla engine rattle,0
Carby trouble off 3Y engine,0
Went to add oil and seen this inside my engine‚Ä¶,0
Best engine?,1
Engine air filter housing - broken plastic,-1
Matrix 2014 engine light flashing,0
2NZ-FE engine,0
Engine immobilizer light question,0
VSC and check engine lights,0
4Runner engine rattle sound?,0
The Most Reliable Engine Ever Made!,0
1987 toyota targo/van/space cruiser engine,0
What Engine Air Filter fits 2023 Corolla Cross Hybrid?,0
Avensis T25 engine problem,-1
Corolla 1.8 Hybrid engine sound,0
Engine Issues 1988 Toyota Pickup,0
1989 Pickup engine/drive line swap?,0
"Getting charged for new engine, want some opinions from you guys",0
2006 Toyota corolla engine noise,0
1995 Toyota Camry Wagon Engine Replacement,0
"Looking for a reliable, long lasting 4x4 engine",0
2016 Rav-4 check engine and AWD light on,0
Interior and Engine bay of my ‚Äò86 SR5 Turbo,0
Toyota hiliux engine import,0
4A-LC Engine Questions,0
About the 1.0 engine in Yaris 2007,0
A25A engine in new Camry - How to avoid carbon build-up?,0
Which engine is better 1GR-FE or 1GD-FTV,0
2013 Toyota Corolla engine issues,0
Can I turn off or regulate the hybrid battery brunt charged by the engine?,0
Engine stopped steering power low #rav4,-1
Engine oil loss,0
Brooklyn dealership. $160 to change engine filter........really at 25k miles lmao ü§£ helllll no. Is there any common sense to this?,0
Toyota/Lexus engine swaps,0
2010 Camry Engine Noise,0
Toyota engine oil supplier,0
Does this mean my engine is done?,0
Check engine light and fuel level !!!!,0
09 matrix check engine light,0
2UZ-FE ticking from engine,0
2006 matrix engine cover removal question,0
Need help sourcing part number 12371-0T260 (engine mount rear),1
Seeking Advice: Considering a Used Camry with 2AZ-FE Engine - Worth the Risk?,0
2018 RAV 4 engine fan‚Ä¶,0
Have this along with cruise control not turning on and a check engine light,0
Rodent damage to engine wiring 2021 corolla 1.8 hybrid car.,0
P0171 engine code on 2006 Toyota Matrix. What should I try?,0
Second full engine reseal at 40k. Anyone else?,0
[2018 Corolla Im] Is this engine noise normal?,0
"Is this leak a big deal? Engine is 2GR-FE, photo is taken from the driver's firewall side",1
What engine??!!??,0
Toyota Corolla 2013 - engine light on and cruise control not working,0
Can I use opened engine oil,0
2009 Toyota Camry check engine light on and EVAP codes,0
"Insufficient 0.2l oil every change, would that damage the engine?",0
Toyota Liteace KM36 engine swap candidates?,0
2RZ Engine Replaced With 3RZ,0
Toyota dealer always overfills engine oil,0
Toyota Rav4 U140F Fourth Gear Problem + No Engine Brake,-1
Toyota Yaris 2003 1.0L Engine consumes 10L/100KM. Why?,0
Dull knock start engine,0
Auto Stop-Start Bad for Engine?,-1
"Check engine light, replaced charcoal canister 2x",0
Check Engine on Toyota Camry XLE 2006,0
Hey i need help to find an engine,1
Noise coming from engine bay,0
engine block fills with water,0
Hole in Engine Cover,0
Is 70-series Land Cruiser with 2.8L engine coming to Europe?,0
"Check engine light, trac off 4wd lights on dash on 2012 rav4",0
Check Engine light goes on and off.,0
94' Corolla engine swap options,0
"Why are Toyotas considered ""more reliable"" than a Volkswagen even though they share many similar engine designs such as interference engines and timing chains?",1
Avensis T22 Engine Oil problem,-1
Anyone know what engine this is? 1996 Toyota Crown Royal Extra,0
Need help finding the engine air filter,1
list of all engine parts and parts numbers,0
Replacing engine and cabin filters,0
2022 rav4 hybrid stuck on gas engine,0
Turbo on vvt-i engine,0
Engines,0
what engine do I have?,0
Hilux Check Engine Light Stays On. Any ideas?,0
Toyota Corolla 2015 Engine light - getting ripped off or does this seem about right?,0
"I have a 2009 Toyota corolla, what bigger Toyota engine fit in that ?",0
Hello gang. My check engine light recently came on (engine: 7AFE) after a hard acceleration up to 60km/h. Any ideas what this can be? Car still runs fine and oil is good.,-1
What engine oil is best for Toyota Corolla S 2007?,-1
2006 Toyota Solara Engine air filter hoses,0
Is Camry 03' 2.4 engine compatible with Corolla 10' 2.4 ?,0
"2018 Rav 4, engine cover under front bumper loose.",0
Toyota is not advising people to park recalled RAV4 SUVs outdoors despite reports of engine fires,0
2012 Camry LE Engine Upgrade,0
Toyota Hybrid i-Force Max engine in 2025 Toyota Crown Signia and Camry?,0
Help with 2009 Rav4 4-cyl Engine numbers,0
95 Corolla Engine Mount Help!,1
"Not sure if this is the right sub to post to but, can anyone identify what engine is this?",0
HELP Corolla cross 2023 engine shutoff issue,0
"Struggling acceleration and engine noise after 25k miles, anybody else? - '21 Camry SE 4-cyl FWD",0
So I have a 99 Camry automatic with 5sfe engine.,0
Does the engine sound normal? 2015 Camry LE.,0
Flashing check engine light + shaking while driving and idling in 2002 Camry SE,0
2000 Camry V6 XLE engine mount estimate?,0
How do I fix my check engine light?,0
What could be the cause? Engine pressure very low out of nowhere,-1
What are you guys‚Äô favourite Toyota engines?,0
VSC light and check engine light on same time - 1st gen highlander jerking around the road?,0
"2019 Camry : ‚Äúengine off, shift to position‚Äù",0
2014 Toyota Corolla S 2JZ engine swap?,0
Hybrid Toyota engines Good so far?,1
"Does anyone know why the option to lock, unlock, and start the engine isn‚Äôt showing up on the toyota app?",0
"Buying a Yaris. Rust on engine, is it too much / a big deal?",0
So my 800$ Celica just randomly died on me in a roundabout. When I try to crank the engine the ‚Äúcheck engine light‚Äù doesn‚Äôt light up as it usually does. Anyone have a good idea what this could be?,0
What else should I replace while the engine is out? - 2000 Camry,0
2013 Corolla S Check Engine Light and Trac Off Light,0
"Toyota Corolla Hatchback 2022 SE, engine oil",0
Looking for a used engine for my 2006 Toyota Camry,0
Is the VVT-1 16 Valve a good Engine? 2005 Toyota Camry Sedan,1
The 2025 Supra GRMN will have this 543 HP Twin Turbo Engine according to rumors recently resurfacing as recently as July.,0
03 Corolla s with a 90k 08 Corolla ce engine replacement issue,0
Engine Swap Advice Needed: 1.3 4EFE to 1.6 4AFE in European Corolla E100,0
Check engine light is on my toyota auris and I need advice on whether I could still drive it.,0
Anyone experiencing oil consumption on the 2ar-FXE? This engine was used in the ES and Camry hybrids and other vehicles as well,0
Could my 2AZ-FE be burning oil again? Had a complete engine overhaul in 2020. 2008 Camry LE inline4.,0
When checking the oil level should the engine have worked and then cooled down 10-15 mins or should I check it after it‚Äôs been parked for at least 3h?,0
Driving economy for hybrid engines.,0
Do US assembled Toyota have US engine and US transmission?,0
"Toyota Yaris T Sport (56k miles) 1NZ-FE potential issue? Engine runs and drives flawlessly when moving, but at idle, there is a squeaking/chirping noise and the engine vibrates a lot. what issues may it have?",0
Does the Corolla LE 2020 have an engine bay cover?,0
Can the idle relearn be done on a cold engine?,0
Is it normal for the back engine of a 2015 Toyota corolla to have dirt/mud on it?,0
Thinking about buying this 92 Corolla and was curious what engine this is?,0
Where the hell does this part go? Found while looking below my engine for a bolt.,0
Check engine light on along with VSC and TRC. What is going on?,0
How do you hook up a toyota cresta gx81 with a JZ 1 GE engine?,0
Check engine light flashing and Trac Off light is on. Vehicle is shaking when parked and driving. What could be causing this?,0
The dealership my brand new tundra is getting serviced after engine failure is not being very helpful. How do I contact I guess corporate toyota?,0
Best and Worst Toyota Engines Ever Made [The Car Care Nut],1
Engine Swap viability from 1.5 Scion xB to 1.8 from an xD?,0
Will my engine be damaged if I cut off and my resonator and run it like that? I have a 2012 Toyota Camry 2.5L,-1
"Limp mode? 2015 Corolla lost most power, check engine blinked, no codes found.",0
What is this braided cable in the engine bay of my 2015 Highlander?,0
"Help!! Dropped one of the super small MAF screws down the engine bay, Toyota Scion xD 2012! What screw should I get to replace them??",1
Toyota engineers what causes your oil filter housing to come apart,-1
Swapping engine + transmission assembly + related parts from 03 Pontiac Vibe GT to 06 Corolla LE,0
"An electrical plug fell out of my engine. Took it to a mechanic, who said he couldn't figure out what it did. What do...?",0
"Check engine light came on, but the method I used worked to turn it off. So is there more than likely nothing wrong?",0
"Engine oil level in 2010 Camry -- When to add more oil, and how much to add?",0
What can you tell me about the Toyota solara 2002 and it‚Äôs 4cyl engine?,0
"""Best and worst Toyota engines ever made"". What do you guys think?",1
Can I put this in 1st gear and pull it with the tractor to unseize the engine or will I likely ruin something?,0
Are diesel Corollas with the D4D engine as good as the petrol ones ?,0
Tacoma Chief Engineer Deep Dive on the new Taco,0
Changing Oil on my Lexus es300H which is the same engine as the Avalon Hybrid. Is it 4.8 quarts of oil? I get conflicting numbers online.,0
Contemplating buying this 95 t100 for $7k. The owner states that he put an engine of 88k miles in it. And the body has 215k miles. Any advice on what to look for? Any red flags I should look for on the engine or truck?,0
2021 Yaris Cross Hybrid 4x4 - How does the engine work? And what's the fuel capacity in europe?,0
Prius 12V Removal - What Were the Engineers Thinking....,0
Hey y‚Äôall not sure if this is allowed but I‚Äôm looking for any leads on an engine wiring harness for an 87-90 Tercel.,0
"In case you thought about it, DO NOT BUY from Quality Used Engines",0
Does the 2012 Prius recharge it self from the petrol engine if I don't use plug in?,0
Why RAV4 and which Toyota engines are the most reliable?,0
Anyone on here ever experience a Corolla hatchback or Scion Im randomly entering limp mode and displaying a p2647 engine light code?,0
This broke off some how will this possibly mess up the engine or will it just go down to the oil pan?,0
Grand Highlander Q: trims/engines,1
2024 tacoma deep dive with chief engineer,0
Engineering that has stood the test of time and some old bridge,0
"Served well for the past 20 years. 499k km, it has the original 1.6L gasoline engine with no repairs done inside it. Still going strong.",1
Why & How Toyota Reinvented the 2024 Tacoma Says Its Chief Engineer Sheldon Brown üéôÔ∏è,0
Wife took her RAV4P XSE in for 8K km first ‚Äúservice‚Äù at dealership 2 wks ago. I drove it on HV mode and when I parked I noticed some steam coming out of engine bay - then saw this ü§¶‚Äç‚ôÇÔ∏è Documenting everything. What would your next move be when the dealership opens Monday?,0
My Toyotas! Currently own a Carina E 1996 and Citroen C1. Toyota engineering is in matched,0
"2 ignition coil housing connector clips broke while swapping out spark plugs, ever since then engine runs rough. 2004 Toyota camry 4 cylinder, any advice how to fix, temp fix ?",0
Question: Is 2012 Camry front bumper engineered well to crumble easily & absorb energy when hit?,1
why does the left most connector not have a cover on the cable? those parts have never been disassembled / serviced. found them like that a few days ago on my 2011 avensis. if it matters it has a 2.0 d4d diesel engine,0
Since Toyota already made ~100hp per cylinder in the GR Corolla could it be possible in other engines?,0
